cluster,method,n_cone,n_raw_cone,n_quality_rejected,n_true_in_cone,n_pred,precision,recall,f1,contam,runtime_s,center_mode,center_shift_arcmin,objective,tag,extra_1,extra_2,cache_pipeline_signature
UBC1001,hdbscan,5829,5829,0,29,29,1.0,1.0,1.0,0.0,0.04523969999718247,center0,0.0,-1.278774014643559,HDBSCAN_SHARED_PREPROC_NOLEAK,50.0,29.0,PART5_SHARED_HDBSCAN_RELEASE_v1_6_COREMODE_CORECSVFIX
UBC1002,hdbscan,14269,14271,2,69,69,1.0,0.971830985915493,0.9857142857142858,0.0,0.03871140000410378,center0,0.0,-1.4514936365385454,HDBSCAN_SHARED_PREPROC_NOLEAK,103.0,69.0,PART5_SHARED_HDBSCAN_RELEASE_v1_6_COREMODE_CORECSVFIX
UBC1003,hdbscan,8844,8844,0,44,44,1.0,1.0,1.0,0.0,0.040725899998506065,center0,0.0,-1.3113789769568025,HDBSCAN_SHARED_PREPROC_NOLEAK,66.0,44.0,PART5_SHARED_HDBSCAN_RELEASE_v1_6_COREMODE_CORECSVFIX
UBC1004,hdbscan,20418,20418,0,418,416,1.0,0.9952153110047847,0.9976019184652278,0.0,0.05691179999848828,center0,0.0,-1.4220212403833967,HDBSCAN_SHARED_PREPROC_NOLEAK,447.0,416.0,PART5_SHARED_HDBSCAN_RELEASE_v1_6_COREMODE_CORECSVFIX
UBC1005,hdbscan,6231,6231,0,31,31,1.0,1.0,1.0,0.0,0.029182500002207235,center0,0.0,-1.2665409829089203,HDBSCAN_SHARED_PREPROC_NOLEAK,50.0,31.0,PART5_SHARED_HDBSCAN_RELEASE_v1_6_COREMODE_CORECSVFIX
UBC1006,hdbscan,15477,15477,0,77,77,1.0,1.0,1.0,0.0,0.04200209999544313,center0,0.0,-1.436498112832334,HDBSCAN_SHARED_PREPROC_NOLEAK,115.0,77.0,PART5_SHARED_HDBSCAN_RELEASE_v1_6_COREMODE_CORECSVFIX
UBC1007,hdbscan,6432,6432,0,32,32,1.0,1.0,1.0,0.0,0.02978600000642473,center0,0.0,-1.3021525054587855,HDBSCAN_SHARED_PREPROC_NOLEAK,50.0,32.0,PART5_SHARED_HDBSCAN_RELEASE_v1_6_COREMODE_CORECSVFIX
UBC1008,hdbscan,5829,5829,0,29,29,1.0,1.0,1.0,0.0,0.02969009999651462,center0,0.0,-1.2596656005287372,HDBSCAN_SHARED_PREPROC_NOLEAK,50.0,29.0,PART5_SHARED_HDBSCAN_RELEASE_v1_6_COREMODE_CORECSVFIX
UBC1009,hdbscan,9246,9246,0,46,46,1.0,1.0,1.0,0.0,0.03583929999877,center0,0.0,-1.3568171873759929,HDBSCAN_SHARED_PREPROC_NOLEAK,69.0,46.0,PART5_SHARED_HDBSCAN_RELEASE_v1_6_COREMODE_CORECSVFIX
UBC1010,hdbscan,9246,9246,0,46,46,1.0,1.0,1.0,0.0,0.03509219999978086,center0,0.0,-1.326280211434657,HDBSCAN_SHARED_PREPROC_NOLEAK,69.0,46.0,PART5_SHARED_HDBSCAN_RELEASE_v1_6_COREMODE_CORECSVFIX
UBC1011,hdbscan,20235,20235,0,235,235,1.0,1.0,1.0,0.0,0.0476933999962057,center0,0.0,-1.6538702674300365,HDBSCAN_SHARED_PREPROC_NOLEAK,352.0,235.0,PART5_SHARED_HDBSCAN_RELEASE_v1_6_COREMODE_CORECSVFIX
UBC1012,hdbscan,8843,8844,1,43,43,1.0,0.9772727272727273,0.9885057471264368,0.0,0.033980100000917446,center0,0.0,-1.2823983348434735,HDBSCAN_SHARED_PREPROC_NOLEAK,64.0,43.0,PART5_SHARED_HDBSCAN_RELEASE_v1_6_COREMODE_CORECSVFIX
UBC1013,hdbscan,10049,10050,1,49,49,1.0,0.98,0.98989898989899,0.0,0.035620800001197495,center0,0.0,-1.3717541958870765,HDBSCAN_SHARED_PREPROC_NOLEAK,73.0,49.0,PART5_SHARED_HDBSCAN_RELEASE_v1_6_COREMODE_CORECSVFIX
UBC1014,hdbscan,5628,5628,0,28,28,1.0,1.0,1.0,0.0,0.031188000000838656,center0,0.0,-1.2411933575661946,HDBSCAN_SHARED_PREPROC_NOLEAK,50.0,28.0,PART5_SHARED_HDBSCAN_RELEASE_v1_6_COREMODE_CORECSVFIX
UBC1015,hdbscan,20564,20565,1,564,246,1.0,0.4353982300884956,0.6066584463625154,0.0,0.04503290000138804,center0,0.0,-1.4929099724388504,HDBSCAN_SHARED_PREPROC_NOLEAK,369.0,246.0,PART5_SHARED_HDBSCAN_RELEASE_v1_6_COREMODE_CORECSVFIX
UBC1016,hdbscan,4421,4422,1,21,21,1.0,0.9545454545454546,0.9767441860465117,0.0,0.02904549999948358,center0,0.0,-1.1951468597314818,HDBSCAN_SHARED_PREPROC_NOLEAK,50.0,21.0,PART5_SHARED_HDBSCAN_RELEASE_v1_6_COREMODE_CORECSVFIX
UBC1017,hdbscan,5226,5226,0,26,26,1.0,1.0,1.0,0.0,0.05219349999970291,center0,0.0,-1.1881075118144862,HDBSCAN_SHARED_PREPROC_NOLEAK,50.0,26.0,PART5_SHARED_HDBSCAN_RELEASE_v1_6_COREMODE_CORECSVFIX
UBC1018,hdbscan,20154,20154,0,154,154,1.0,1.0,1.0,0.0,0.04959930000040913,center0,0.0,-1.6129989027648977,HDBSCAN_SHARED_PREPROC_NOLEAK,231.0,154.0,PART5_SHARED_HDBSCAN_RELEASE_v1_6_COREMODE_CORECSVFIX
UBC1019,hdbscan,15678,15678,0,78,78,1.0,1.0,1.0,0.0,0.04195559999789111,center0,0.0,-1.4353246671362414,HDBSCAN_SHARED_PREPROC_NOLEAK,117.0,78.0,PART5_SHARED_HDBSCAN_RELEASE_v1_6_COREMODE_CORECSVFIX
UBC1020,hdbscan,20110,20111,1,110,110,1.0,0.990990990990991,0.9954751131221719,0.0,0.04900449999695411,center0,0.0,-1.564312849027103,HDBSCAN_SHARED_PREPROC_NOLEAK,165.0,110.0,PART5_SHARED_HDBSCAN_RELEASE_v1_6_COREMODE_CORECSVFIX
UBC1021,hdbscan,4824,4824,0,24,24,1.0,1.0,1.0,0.0,0.0298421999978018,center0,0.0,-1.2388386634303825,HDBSCAN_SHARED_PREPROC_NOLEAK,50.0,24.0,PART5_SHARED_HDBSCAN_RELEASE_v1_6_COREMODE_CORECSVFIX
UBC1022,hdbscan,7637,7638,1,37,37,1.0,0.9736842105263158,0.9866666666666666,0.0,0.03606439999566646,center0,0.0,-1.278836657586937,HDBSCAN_SHARED_PREPROC_NOLEAK,55.0,37.0,PART5_SHARED_HDBSCAN_RELEASE_v1_6_COREMODE_CORECSVFIX
UBC1023,hdbscan,8040,8040,0,40,40,1.0,1.0,1.0,0.0,0.033138300001155585,center0,0.0,-1.326934156530661,HDBSCAN_SHARED_PREPROC_NOLEAK,60.0,40.0,PART5_SHARED_HDBSCAN_RELEASE_v1_6_COREMODE_CORECSVFIX
UBC1024,hdbscan,20130,20133,3,130,130,1.0,0.9774436090225563,0.988593155893536,0.0,0.04752300000109244,center0,0.0,-1.5508085691354374,HDBSCAN_SHARED_PREPROC_NOLEAK,195.0,130.0,PART5_SHARED_HDBSCAN_RELEASE_v1_6_COREMODE_CORECSVFIX
UBC1025,hdbscan,5226,5226,0,26,26,1.0,1.0,1.0,0.0,0.028047200001310557,center0,0.0,-1.2000833394499686,HDBSCAN_SHARED_PREPROC_NOLEAK,50.0,26.0,PART5_SHARED_HDBSCAN_RELEASE_v1_6_COREMODE_CORECSVFIX
UBC1026,hdbscan,4824,4824,0,24,24,1.0,1.0,1.0,0.0,0.027870900004927535,center0,0.0,-1.230242152014934,HDBSCAN_SHARED_PREPROC_NOLEAK,50.0,24.0,PART5_SHARED_HDBSCAN_RELEASE_v1_6_COREMODE_CORECSVFIX
UBC1027,hdbscan,20229,20229,0,229,229,1.0,1.0,1.0,0.0,0.04983580000407528,center0,0.0,-1.6521538542840517,HDBSCAN_SHARED_PREPROC_NOLEAK,343.0,229.0,PART5_SHARED_HDBSCAN_RELEASE_v1_6_COREMODE_CORECSVFIX
UBC1028,hdbscan,4020,4020,0,20,20,1.0,1.0,1.0,0.0,0.02849370000330964,center0,0.0,-1.200237134510743,HDBSCAN_SHARED_PREPROC_NOLEAK,50.0,20.0,PART5_SHARED_HDBSCAN_RELEASE_v1_6_COREMODE_CORECSVFIX
UBC1029,hdbscan,9444,9447,3,44,44,1.0,0.9361702127659575,0.967032967032967,0.0,0.0360041000021738,center0,0.0,-1.3005736315939451,HDBSCAN_SHARED_PREPROC_NOLEAK,66.0,44.0,PART5_SHARED_HDBSCAN_RELEASE_v1_6_COREMODE_CORECSVFIX
UBC1030,hdbscan,4623,4623,0,23,23,1.0,1.0,1.0,0.0,0.026974499996867962,center0,0.0,-1.204773187866702,HDBSCAN_SHARED_PREPROC_NOLEAK,50.0,23.0,PART5_SHARED_HDBSCAN_RELEASE_v1_6_COREMODE_CORECSVFIX
UBC1031,hdbscan,9045,9045,0,45,45,1.0,1.0,1.0,0.0,0.0343427999978303,center0,0.0,-1.3430638310988243,HDBSCAN_SHARED_PREPROC_NOLEAK,67.0,45.0,PART5_SHARED_HDBSCAN_RELEASE_v1_6_COREMODE_CORECSVFIX
UBC1032,hdbscan,3216,3216,0,16,16,1.0,1.0,1.0,0.0,0.027062600005592685,center0,0.0,-1.1628865852745731,HDBSCAN_SHARED_PREPROC_NOLEAK,50.0,16.0,PART5_SHARED_HDBSCAN_RELEASE_v1_6_COREMODE_CORECSVFIX
UBC1033,hdbscan,6833,6834,1,33,33,1.0,0.9705882352941176,0.9850746268656716,0.0,0.031648299998778384,center0,0.0,-1.2556999387018042,HDBSCAN_SHARED_PREPROC_NOLEAK,50.0,33.0,PART5_SHARED_HDBSCAN_RELEASE_v1_6_COREMODE_CORECSVFIX
UBC1034,hdbscan,9045,9045,0,45,45,1.0,1.0,1.0,0.0,0.03679819999524625,center0,0.0,-1.3781958759867114,HDBSCAN_SHARED_PREPROC_NOLEAK,67.0,45.0,PART5_SHARED_HDBSCAN_RELEASE_v1_6_COREMODE_CORECSVFIX
UBC1035,hdbscan,20112,20112,0,112,112,1.0,1.0,1.0,0.0,0.0459506000042893,center0,0.0,-1.55416911632765,HDBSCAN_SHARED_PREPROC_NOLEAK,168.0,112.0,PART5_SHARED_HDBSCAN_RELEASE_v1_6_COREMODE_CORECSVFIX
UBC1036,hdbscan,20112,20112,0,112,112,1.0,1.0,1.0,0.0,0.04632140000467189,center0,0.0,-1.5790243985143562,HDBSCAN_SHARED_PREPROC_NOLEAK,168.0,112.0,PART5_SHARED_HDBSCAN_RELEASE_v1_6_COREMODE_CORECSVFIX
UBC1037,hdbscan,17084,17085,1,84,84,1.0,0.9882352941176471,0.9940828402366864,0.0,0.05642789999546949,center0,0.0,-1.403550601082233,HDBSCAN_SHARED_PREPROC_NOLEAK,126.0,84.0,PART5_SHARED_HDBSCAN_RELEASE_v1_6_COREMODE_CORECSVFIX
UBC1038,hdbscan,10251,10251,0,51,51,1.0,1.0,1.0,0.0,0.043815299999550916,center0,0.0,-1.3249578431487514,HDBSCAN_SHARED_PREPROC_NOLEAK,76.0,51.0,PART5_SHARED_HDBSCAN_RELEASE_v1_6_COREMODE_CORECSVFIX
UBC1039,hdbscan,11656,11658,2,56,56,1.0,0.9655172413793104,0.9824561403508771,0.0,0.037314200002583675,center0,0.0,-1.2570987164027412,HDBSCAN_SHARED_PREPROC_NOLEAK,84.0,56.0,PART5_SHARED_HDBSCAN_RELEASE_v1_6_COREMODE_CORECSVFIX
UBC1040,hdbscan,8040,8040,0,40,40,1.0,1.0,1.0,0.0,0.03363059999537654,center0,0.0,-1.2699060335253072,HDBSCAN_SHARED_PREPROC_NOLEAK,60.0,40.0,PART5_SHARED_HDBSCAN_RELEASE_v1_6_COREMODE_CORECSVFIX
UBC1041,hdbscan,7035,7035,0,35,35,1.0,1.0,1.0,0.0,0.03285150000010617,center0,0.0,-1.2291018530787667,HDBSCAN_SHARED_PREPROC_NOLEAK,52.0,35.0,PART5_SHARED_HDBSCAN_RELEASE_v1_6_COREMODE_CORECSVFIX
UBC1042,hdbscan,19094,19095,1,94,94,1.0,0.9894736842105263,0.9947089947089947,0.0,0.05313629999727709,center0,0.0,-1.3816312515890097,HDBSCAN_SHARED_PREPROC_NOLEAK,141.0,94.0,PART5_SHARED_HDBSCAN_RELEASE_v1_6_COREMODE_CORECSVFIX
UBC1043,hdbscan,6231,6231,0,31,31,1.0,1.0,1.0,0.0,0.030929100001230836,center0,0.0,-1.251243278762947,HDBSCAN_SHARED_PREPROC_NOLEAK,50.0,31.0,PART5_SHARED_HDBSCAN_RELEASE_v1_6_COREMODE_CORECSVFIX
UBC1044,hdbscan,6030,6030,0,30,30,1.0,1.0,1.0,0.0,0.029579100002592895,center0,0.0,-1.2846485906964595,HDBSCAN_SHARED_PREPROC_NOLEAK,50.0,30.0,PART5_SHARED_HDBSCAN_RELEASE_v1_6_COREMODE_CORECSVFIX
UBC1045,hdbscan,10853,10854,1,53,53,1.0,0.9814814814814815,0.9906542056074767,0.0,0.035025500001211185,center0,0.0,-1.3546517628132113,HDBSCAN_SHARED_PREPROC_NOLEAK,79.0,53.0,PART5_SHARED_HDBSCAN_RELEASE_v1_6_COREMODE_CORECSVFIX
UBC1046,hdbscan,6231,6231,0,31,31,1.0,1.0,1.0,0.0,0.028258199999982025,center0,0.0,-1.2217650606944725,HDBSCAN_SHARED_PREPROC_NOLEAK,50.0,31.0,PART5_SHARED_HDBSCAN_RELEASE_v1_6_COREMODE_CORECSVFIX
UBC1047,hdbscan,6833,6834,1,33,33,1.0,0.9705882352941176,0.9850746268656716,0.0,0.027276400003756862,center0,0.0,-1.2536011864317265,HDBSCAN_SHARED_PREPROC_NOLEAK,50.0,33.0,PART5_SHARED_HDBSCAN_RELEASE_v1_6_COREMODE_CORECSVFIX
UBC1048,hdbscan,11658,11658,0,58,58,1.0,1.0,1.0,0.0,0.036324500004411675,center0,0.0,-1.3091947149977274,HDBSCAN_SHARED_PREPROC_NOLEAK,87.0,58.0,PART5_SHARED_HDBSCAN_RELEASE_v1_6_COREMODE_CORECSVFIX
UBC1049,hdbscan,20228,20231,3,228,228,1.0,0.987012987012987,0.9934640522875817,0.0,0.04779019999841694,center0,0.0,-1.5614263154349461,HDBSCAN_SHARED_PREPROC_NOLEAK,342.0,228.0,PART5_SHARED_HDBSCAN_RELEASE_v1_6_COREMODE_CORECSVFIX
UBC1050,hdbscan,5427,5427,0,27,271,0.0,0.0,0.0,1.0,0.02897030000167433,center1_refined,20.0,-1.1892839432702416,HDBSCAN_SHARED_PREPROC_NOLEAK,271.0,345.0,PART5_SHARED_HDBSCAN_RELEASE_v1_6_COREMODE_CORECSVFIX
UBC1051,hdbscan,16078,16080,2,78,78,1.0,0.975,0.9873417721518987,0.0,0.0504268000004231,center0,0.0,-1.3458740801553901,HDBSCAN_SHARED_PREPROC_NOLEAK,117.0,78.0,PART5_SHARED_HDBSCAN_RELEASE_v1_6_COREMODE_CORECSVFIX
UBC1052,hdbscan,6230,6231,1,30,30,1.0,0.967741935483871,0.9836065573770492,0.0,0.031679500003519934,center0,0.0,-1.1873406763889967,HDBSCAN_SHARED_PREPROC_NOLEAK,50.0,30.0,PART5_SHARED_HDBSCAN_RELEASE_v1_6_COREMODE_CORECSVFIX
UBC1053,hdbscan,12460,12462,2,60,60,1.0,0.967741935483871,0.9836065573770492,0.0,0.038599699997575954,center0,0.0,-1.3413684756355697,HDBSCAN_SHARED_PREPROC_NOLEAK,90.0,60.0,PART5_SHARED_HDBSCAN_RELEASE_v1_6_COREMODE_CORECSVFIX
UBC1054,hdbscan,5427,5427,0,27,27,1.0,1.0,1.0,0.0,0.031774299997778144,center0,0.0,-1.2403133861732643,HDBSCAN_SHARED_PREPROC_NOLEAK,50.0,27.0,PART5_SHARED_HDBSCAN_RELEASE_v1_6_COREMODE_CORECSVFIX
UBC1055,hdbscan,9849,9849,0,49,49,1.0,1.0,1.0,0.0,0.03383089999988442,center0,0.0,-1.2436199432072716,HDBSCAN_SHARED_PREPROC_NOLEAK,73.0,49.0,PART5_SHARED_HDBSCAN_RELEASE_v1_6_COREMODE_CORECSVFIX
UBC1056,hdbscan,4422,4422,0,22,22,1.0,1.0,1.0,0.0,0.02988339999865275,center0,0.0,-1.2040668891565978,HDBSCAN_SHARED_PREPROC_NOLEAK,50.0,22.0,PART5_SHARED_HDBSCAN_RELEASE_v1_6_COREMODE_CORECSVFIX
UBC1057,hdbscan,20177,20179,2,177,177,1.0,0.9888268156424581,0.9943820224719102,0.0,0.046893099999579135,center0,0.0,-1.6955527516047755,HDBSCAN_SHARED_PREPROC_NOLEAK,265.0,177.0,PART5_SHARED_HDBSCAN_RELEASE_v1_6_COREMODE_CORECSVFIX
UBC1058,hdbscan,9045,9045,0,45,45,1.0,1.0,1.0,0.0,0.03311080000275979,center0,0.0,-1.3751082013881972,HDBSCAN_SHARED_PREPROC_NOLEAK,67.0,45.0,PART5_SHARED_HDBSCAN_RELEASE_v1_6_COREMODE_CORECSVFIX
UBC1059,hdbscan,5628,5628,0,28,28,1.0,1.0,1.0,0.0,0.029416899997158907,center0,0.0,-1.2468211173874775,HDBSCAN_SHARED_PREPROC_NOLEAK,50.0,28.0,PART5_SHARED_HDBSCAN_RELEASE_v1_6_COREMODE_CORECSVFIX
UBC1060,hdbscan,9445,9447,2,45,45,1.0,0.9574468085106383,0.9782608695652174,0.0,0.03332589999627089,center0,0.0,-1.3227702369422216,HDBSCAN_SHARED_PREPROC_NOLEAK,67.0,45.0,PART5_SHARED_HDBSCAN_RELEASE_v1_6_COREMODE_CORECSVFIX
UBC1061,hdbscan,15879,15879,0,79,79,1.0,1.0,1.0,0.0,0.03987320000305772,center0,0.0,-1.489643567432501,HDBSCAN_SHARED_PREPROC_NOLEAK,118.0,79.0,PART5_SHARED_HDBSCAN_RELEASE_v1_6_COREMODE_CORECSVFIX
UBC1062,hdbscan,6432,6432,0,32,32,1.0,1.0,1.0,0.0,0.030407399994146544,center0,0.0,-1.275712771606809,HDBSCAN_SHARED_PREPROC_NOLEAK,50.0,32.0,PART5_SHARED_HDBSCAN_RELEASE_v1_6_COREMODE_CORECSVFIX
UBC1063,hdbscan,14271,14271,0,71,71,1.0,1.0,1.0,0.0,0.04023370000504656,center0,0.0,-1.3469948421841418,HDBSCAN_SHARED_PREPROC_NOLEAK,106.0,71.0,PART5_SHARED_HDBSCAN_RELEASE_v1_6_COREMODE_CORECSVFIX
UBC1064,hdbscan,19899,19899,0,99,110,0.9,1.0,0.9473684210526316,0.09999999999999998,0.04734479999751784,center0,0.0,-1.4455466233702976,HDBSCAN_SHARED_PREPROC_NOLEAK,165.0,110.0,PART5_SHARED_HDBSCAN_RELEASE_v1_6_COREMODE_CORECSVFIX
UBC1065,hdbscan,3012,3012,0,12,12,1.0,1.0,1.0,0.0,0.02635129999544006,center0,0.0,-1.119738541304633,HDBSCAN_SHARED_PREPROC_NOLEAK,50.0,12.0,PART5_SHARED_HDBSCAN_RELEASE_v1_6_COREMODE_CORECSVFIX
UBC1066,hdbscan,7437,7437,0,37,37,1.0,1.0,1.0,0.0,0.030806000002485234,center0,0.0,-1.3407279343988745,HDBSCAN_SHARED_PREPROC_NOLEAK,55.0,37.0,PART5_SHARED_HDBSCAN_RELEASE_v1_6_COREMODE_CORECSVFIX
UBC1067,hdbscan,10854,10854,0,54,54,1.0,1.0,1.0,0.0,0.035521400001016445,center0,0.0,-1.3180536067423496,HDBSCAN_SHARED_PREPROC_NOLEAK,81.0,54.0,PART5_SHARED_HDBSCAN_RELEASE_v1_6_COREMODE_CORECSVFIX
UBC1068,hdbscan,6029,6029,0,30,301,0.09966777408637874,1.0,0.18126888217522658,0.9003322259136213,0.029956800004583783,center1_refined,1.925865188241005,-1.2089162406531928,HDBSCAN_SHARED_PREPROC_NOLEAK,301.0,311.0,PART5_SHARED_HDBSCAN_RELEASE_v1_6_COREMODE_CORECSVFIX
UBC1069,hdbscan,5628,5628,0,28,28,1.0,1.0,1.0,0.0,0.028609299995878246,center0,0.0,-1.2601300418671175,HDBSCAN_SHARED_PREPROC_NOLEAK,50.0,28.0,PART5_SHARED_HDBSCAN_RELEASE_v1_6_COREMODE_CORECSVFIX
UBC1070,hdbscan,3417,3417,0,17,17,1.0,1.0,1.0,0.0,0.02499579999857815,center0,0.0,-1.2033644103395913,HDBSCAN_SHARED_PREPROC_NOLEAK,50.0,17.0,PART5_SHARED_HDBSCAN_RELEASE_v1_6_COREMODE_CORECSVFIX
UBC1071,hdbscan,3617,3618,1,17,17,1.0,0.9444444444444444,0.9714285714285714,0.0,0.02791590000560973,center0,0.0,-1.1507116867991156,HDBSCAN_SHARED_PREPROC_NOLEAK,50.0,17.0,PART5_SHARED_HDBSCAN_RELEASE_v1_6_COREMODE_CORECSVFIX
UBC1072,hdbscan,15678,15678,0,78,78,1.0,1.0,1.0,0.0,0.040058599995973054,center0,0.0,-1.3858504207270297,HDBSCAN_SHARED_PREPROC_NOLEAK,117.0,78.0,PART5_SHARED_HDBSCAN_RELEASE_v1_6_COREMODE_CORECSVFIX
UBC1073,hdbscan,19898,19899,1,98,98,1.0,0.98989898989899,0.9949238578680203,0.0,0.045700599999690894,center0,0.0,-1.4141739932739739,HDBSCAN_SHARED_PREPROC_NOLEAK,147.0,98.0,PART5_SHARED_HDBSCAN_RELEASE_v1_6_COREMODE_CORECSVFIX
UBC1074,hdbscan,4824,4824,0,24,241,0.0,0.0,0.0,1.0,0.031525299993518274,center1_refined,20.0,-1.229820772634671,HDBSCAN_SHARED_PREPROC_NOLEAK,241.0,419.0,PART5_SHARED_HDBSCAN_RELEASE_v1_6_COREMODE_CORECSVFIX
UBC1075,hdbscan,7838,7839,1,38,387,0.0,0.0,0.0,1.0,0.038127900006657,center1_refined,20.0,-1.2811525933120849,HDBSCAN_SHARED_PREPROC_NOLEAK,391.0,387.0,PART5_SHARED_HDBSCAN_RELEASE_v1_6_COREMODE_CORECSVFIX
UBC1076,hdbscan,6432,6432,0,32,32,1.0,1.0,1.0,0.0,0.03160129999741912,center0,0.0,-1.2564780172401364,HDBSCAN_SHARED_PREPROC_NOLEAK,50.0,32.0,PART5_SHARED_HDBSCAN_RELEASE_v1_6_COREMODE_CORECSVFIX
UBC1077,hdbscan,12261,12261,0,61,61,1.0,1.0,1.0,0.0,0.04079089999868302,center0,0.0,-1.3604126263962162,HDBSCAN_SHARED_PREPROC_NOLEAK,91.0,61.0,PART5_SHARED_HDBSCAN_RELEASE_v1_6_COREMODE_CORECSVFIX
UBC1078,hdbscan,9647,9648,1,47,47,1.0,0.9791666666666666,0.9894736842105264,0.0,0.03388210000412073,center0,0.0,-1.32082867691985,HDBSCAN_SHARED_PREPROC_NOLEAK,70.0,47.0,PART5_SHARED_HDBSCAN_RELEASE_v1_6_COREMODE_CORECSVFIX
UBC1079,hdbscan,5628,5628,0,28,28,1.0,1.0,1.0,0.0,0.027779799995187204,center0,0.0,-1.234103823793279,HDBSCAN_SHARED_PREPROC_NOLEAK,50.0,28.0,PART5_SHARED_HDBSCAN_RELEASE_v1_6_COREMODE_CORECSVFIX
UBC1080,hdbscan,15074,15075,1,74,74,1.0,0.9866666666666667,0.9932885906040269,0.0,0.04113629999483237,center0,0.0,-1.4749401624374445,HDBSCAN_SHARED_PREPROC_NOLEAK,111.0,74.0,PART5_SHARED_HDBSCAN_RELEASE_v1_6_COREMODE_CORECSVFIX
UBC1081,hdbscan,10452,10452,0,52,52,1.0,1.0,1.0,0.0,0.03536950000125216,center0,0.0,-1.3645871513976275,HDBSCAN_SHARED_PREPROC_NOLEAK,78.0,52.0,PART5_SHARED_HDBSCAN_RELEASE_v1_6_COREMODE_CORECSVFIX
UBC1082,hdbscan,7437,7437,0,37,37,1.0,1.0,1.0,0.0,0.030842799998936243,center0,0.0,-1.2765263972737784,HDBSCAN_SHARED_PREPROC_NOLEAK,55.0,37.0,PART5_SHARED_HDBSCAN_RELEASE_v1_6_COREMODE_CORECSVFIX
UBC1083,hdbscan,3618,3618,0,18,18,1.0,1.0,1.0,0.0,0.025913999998010695,center0,0.0,-1.1970089891332512,HDBSCAN_SHARED_PREPROC_NOLEAK,50.0,18.0,PART5_SHARED_HDBSCAN_RELEASE_v1_6_COREMODE_CORECSVFIX
UBC1084,hdbscan,6432,6432,0,32,32,1.0,1.0,1.0,0.0,0.03300149999995483,center0,0.0,-1.3040607365985157,HDBSCAN_SHARED_PREPROC_NOLEAK,50.0,32.0,PART5_SHARED_HDBSCAN_RELEASE_v1_6_COREMODE_CORECSVFIX
UBC1085,hdbscan,12461,12462,1,61,61,1.0,0.9838709677419355,0.991869918699187,0.0,0.03593589999945834,center0,0.0,-1.3848759809358335,HDBSCAN_SHARED_PREPROC_NOLEAK,91.0,61.0,PART5_SHARED_HDBSCAN_RELEASE_v1_6_COREMODE_CORECSVFIX
UBC1086,hdbscan,7437,7437,0,37,37,1.0,1.0,1.0,0.0,0.03671460000623483,center0,0.0,-1.223073206204666,HDBSCAN_SHARED_PREPROC_NOLEAK,55.0,37.0,PART5_SHARED_HDBSCAN_RELEASE_v1_6_COREMODE_CORECSVFIX
UBC1087,hdbscan,3819,3819,0,19,19,1.0,1.0,1.0,0.0,0.027196800001547672,center0,0.0,-1.1962007568175599,HDBSCAN_SHARED_PREPROC_NOLEAK,50.0,19.0,PART5_SHARED_HDBSCAN_RELEASE_v1_6_COREMODE_CORECSVFIX
UBC1088,hdbscan,6632,6633,1,32,32,1.0,0.9696969696969697,0.9846153846153847,0.0,0.03219890000036685,center0,0.0,-1.2586837193384373,HDBSCAN_SHARED_PREPROC_NOLEAK,50.0,32.0,PART5_SHARED_HDBSCAN_RELEASE_v1_6_COREMODE_CORECSVFIX
UBC1089,hdbscan,7035,7035,0,35,35,1.0,1.0,1.0,0.0,0.030902400001650676,center0,0.0,-1.2041602950921368,HDBSCAN_SHARED_PREPROC_NOLEAK,52.0,35.0,PART5_SHARED_HDBSCAN_RELEASE_v1_6_COREMODE_CORECSVFIX
UBC1090,hdbscan,4019,4020,1,19,19,1.0,0.95,0.9743589743589743,0.0,0.030406999998376705,center0,0.0,-1.2216911289421235,HDBSCAN_SHARED_PREPROC_NOLEAK,50.0,19.0,PART5_SHARED_HDBSCAN_RELEASE_v1_6_COREMODE_CORECSVFIX
UBC1091,hdbscan,12260,12261,1,60,60,1.0,0.9836065573770492,0.9917355371900827,0.0,0.03660669999953825,center0,0.0,-1.423082341936384,HDBSCAN_SHARED_PREPROC_NOLEAK,90.0,60.0,PART5_SHARED_HDBSCAN_RELEASE_v1_6_COREMODE_CORECSVFIX
UBC1092,hdbscan,5628,5628,0,28,28,1.0,1.0,1.0,0.0,0.028361600001517218,center0,0.0,-1.1953692099303206,HDBSCAN_SHARED_PREPROC_NOLEAK,50.0,28.0,PART5_SHARED_HDBSCAN_RELEASE_v1_6_COREMODE_CORECSVFIX
UBC1093,hdbscan,19496,19497,1,96,96,1.0,0.9896907216494846,0.9948186528497409,0.0,0.04589990000386024,center0,0.0,-1.3650012709316588,HDBSCAN_SHARED_PREPROC_NOLEAK,144.0,96.0,PART5_SHARED_HDBSCAN_RELEASE_v1_6_COREMODE_CORECSVFIX
UBC1094,hdbscan,15879,15879,0,79,79,1.0,1.0,1.0,0.0,0.04807799999980489,center0,0.0,-1.4621750127893463,HDBSCAN_SHARED_PREPROC_NOLEAK,118.0,79.0,PART5_SHARED_HDBSCAN_RELEASE_v1_6_COREMODE_CORECSVFIX
UBC1095,hdbscan,8643,8643,0,43,43,1.0,1.0,1.0,0.0,0.03173850000166567,center0,0.0,-1.286881103225843,HDBSCAN_SHARED_PREPROC_NOLEAK,64.0,43.0,PART5_SHARED_HDBSCAN_RELEASE_v1_6_COREMODE_CORECSVFIX
UBC1096,hdbscan,5226,5226,0,26,26,1.0,1.0,1.0,0.0,0.026591100002406165,center0,0.0,-1.2205122106268447,HDBSCAN_SHARED_PREPROC_NOLEAK,50.0,26.0,PART5_SHARED_HDBSCAN_RELEASE_v1_6_COREMODE_CORECSVFIX
UBC1097,hdbscan,4422,4422,0,22,22,1.0,1.0,1.0,0.0,0.028367399994749576,center0,0.0,-1.2023503853901594,HDBSCAN_SHARED_PREPROC_NOLEAK,50.0,22.0,PART5_SHARED_HDBSCAN_RELEASE_v1_6_COREMODE_CORECSVFIX
UBC1098,hdbscan,3819,3819,0,19,19,1.0,1.0,1.0,0.0,0.02485560000059195,center0,0.0,-1.1712337388319911,HDBSCAN_SHARED_PREPROC_NOLEAK,50.0,19.0,PART5_SHARED_HDBSCAN_RELEASE_v1_6_COREMODE_CORECSVFIX
UBC1099,hdbscan,7638,7638,0,38,38,1.0,1.0,1.0,0.0,0.03156920000037644,center0,0.0,-1.269711849507127,HDBSCAN_SHARED_PREPROC_NOLEAK,57.0,38.0,PART5_SHARED_HDBSCAN_RELEASE_v1_6_COREMODE_CORECSVFIX
UBC1100,hdbscan,9447,9447,0,47,47,1.0,1.0,1.0,0.0,0.03293439999833936,center0,0.0,-1.2610842530587136,HDBSCAN_SHARED_PREPROC_NOLEAK,70.0,47.0,PART5_SHARED_HDBSCAN_RELEASE_v1_6_COREMODE_CORECSVFIX
UBC1101,hdbscan,11658,11658,0,58,58,1.0,1.0,1.0,0.0,0.03604340000310913,center0,0.0,-1.342995305759667,HDBSCAN_SHARED_PREPROC_NOLEAK,87.0,58.0,PART5_SHARED_HDBSCAN_RELEASE_v1_6_COREMODE_CORECSVFIX
UBC1102,hdbscan,9045,9045,0,45,45,1.0,1.0,1.0,0.0,0.0328704000057769,center0,0.0,-1.2576680601313706,HDBSCAN_SHARED_PREPROC_NOLEAK,67.0,45.0,PART5_SHARED_HDBSCAN_RELEASE_v1_6_COREMODE_CORECSVFIX
UBC1103,hdbscan,10047,10047,0,50,107,0.4672897196261682,1.0,0.6369426751592356,0.5327102803738317,0.03515760000300361,center1_refined,10.207381546497345,-1.2175763118386846,HDBSCAN_SHARED_PREPROC_NOLEAK,160.0,107.0,PART5_SHARED_HDBSCAN_RELEASE_v1_6_COREMODE_CORECSVFIX
UBC1104,hdbscan,9445,9447,2,45,48,0.9375,0.9574468085106383,0.9473684210526315,0.0625,0.03290270000434248,center0,0.0,-1.304692397864486,HDBSCAN_SHARED_PREPROC_NOLEAK,72.0,48.0,PART5_SHARED_HDBSCAN_RELEASE_v1_6_COREMODE_CORECSVFIX
UBC1105,hdbscan,10652,10653,1,52,52,1.0,0.9811320754716981,0.9904761904761905,0.0,0.03557059999729972,center0,0.0,-1.3736695435842745,HDBSCAN_SHARED_PREPROC_NOLEAK,78.0,52.0,PART5_SHARED_HDBSCAN_RELEASE_v1_6_COREMODE_CORECSVFIX
UBC1106,hdbscan,7034,7035,1,34,34,1.0,0.9714285714285714,0.9855072463768115,0.0,0.030690099993080366,center0,0.0,-1.2313915588554853,HDBSCAN_SHARED_PREPROC_NOLEAK,51.0,34.0,PART5_SHARED_HDBSCAN_RELEASE_v1_6_COREMODE_CORECSVFIX
UBC1107,hdbscan,6231,6231,0,31,311,0.0,0.0,0.0,1.0,0.031279800001357216,center1_refined,20.0,-1.1101909100019147,HDBSCAN_SHARED_PREPROC_NOLEAK,311.0,375.0,PART5_SHARED_HDBSCAN_RELEASE_v1_6_COREMODE_CORECSVFIX
UBC1108,hdbscan,11256,11256,0,56,56,1.0,1.0,1.0,0.0,0.038558100000955164,center0,0.0,-1.3193402595742163,HDBSCAN_SHARED_PREPROC_NOLEAK,84.0,56.0,PART5_SHARED_HDBSCAN_RELEASE_v1_6_COREMODE_CORECSVFIX
UBC1109,hdbscan,6432,6432,0,32,32,1.0,1.0,1.0,0.0,0.0349523999975645,center0,0.0,-1.1955371900308063,HDBSCAN_SHARED_PREPROC_NOLEAK,50.0,32.0,PART5_SHARED_HDBSCAN_RELEASE_v1_6_COREMODE_CORECSVFIX
UBC1110,hdbscan,7638,7638,0,38,38,1.0,1.0,1.0,0.0,0.04916909999883501,center0,0.0,-1.256859520532275,HDBSCAN_SHARED_PREPROC_NOLEAK,57.0,38.0,PART5_SHARED_HDBSCAN_RELEASE_v1_6_COREMODE_CORECSVFIX
UBC1111,hdbscan,5628,5628,0,28,29,0.9655172413793104,1.0,0.9824561403508771,0.03448275862068961,0.032759199995780364,center0,0.0,-1.2106067779177652,HDBSCAN_SHARED_PREPROC_NOLEAK,50.0,29.0,PART5_SHARED_HDBSCAN_RELEASE_v1_6_COREMODE_CORECSVFIX
UBC1112,hdbscan,9044,9045,1,44,44,1.0,0.9777777777777777,0.9887640449438202,0.0,0.03420460000052117,center0,0.0,-1.2922480586100347,HDBSCAN_SHARED_PREPROC_NOLEAK,66.0,44.0,PART5_SHARED_HDBSCAN_RELEASE_v1_6_COREMODE_CORECSVFIX
UBC1113,hdbscan,6632,6633,1,32,32,1.0,0.9696969696969697,0.9846153846153847,0.0,0.0321059999987483,center0,0.0,-1.2161850532560456,HDBSCAN_SHARED_PREPROC_NOLEAK,50.0,32.0,PART5_SHARED_HDBSCAN_RELEASE_v1_6_COREMODE_CORECSVFIX
UBC1114,hdbscan,4824,4824,0,24,241,0.0,0.0,0.0,1.0,0.030130899998766836,center1_refined,20.0,-1.2052385306581204,HDBSCAN_SHARED_PREPROC_NOLEAK,241.0,396.0,PART5_SHARED_HDBSCAN_RELEASE_v1_6_COREMODE_CORECSVFIX
UBC1115,hdbscan,7437,7437,0,37,37,1.0,1.0,1.0,0.0,0.030705499993928242,center0,0.0,-1.2550198563773243,HDBSCAN_SHARED_PREPROC_NOLEAK,55.0,37.0,PART5_SHARED_HDBSCAN_RELEASE_v1_6_COREMODE_CORECSVFIX
UBC1116,hdbscan,4623,4623,0,23,23,1.0,1.0,1.0,0.0,0.033486400003312156,center0,0.0,-1.189837377542688,HDBSCAN_SHARED_PREPROC_NOLEAK,50.0,23.0,PART5_SHARED_HDBSCAN_RELEASE_v1_6_COREMODE_CORECSVFIX
UBC1117,hdbscan,10251,10251,0,51,364,0.0,0.0,0.0,1.0,0.03463779999583494,center1_refined,20.0,-1.2773317802169122,HDBSCAN_SHARED_PREPROC_NOLEAK,481.0,364.0,PART5_SHARED_HDBSCAN_RELEASE_v1_6_COREMODE_CORECSVFIX
UBC1118,hdbscan,20189,20191,2,189,189,1.0,0.9895287958115183,0.9947368421052631,0.0,0.045968600003106985,center0,0.0,-1.541585481158295,HDBSCAN_SHARED_PREPROC_NOLEAK,283.0,189.0,PART5_SHARED_HDBSCAN_RELEASE_v1_6_COREMODE_CORECSVFIX
UBC1119,hdbscan,5226,5226,0,26,26,1.0,1.0,1.0,0.0,0.03156189999572234,center0,0.0,-1.1787836087985029,HDBSCAN_SHARED_PREPROC_NOLEAK,50.0,26.0,PART5_SHARED_HDBSCAN_RELEASE_v1_6_COREMODE_CORECSVFIX
UBC1120,hdbscan,3417,3417,0,17,17,1.0,1.0,1.0,0.0,0.030484000002616085,center0,0.0,-1.1580815720146416,HDBSCAN_SHARED_PREPROC_NOLEAK,50.0,17.0,PART5_SHARED_HDBSCAN_RELEASE_v1_6_COREMODE_CORECSVFIX
UBC1121,hdbscan,9447,9447,0,47,47,1.0,1.0,1.0,0.0,0.03350779999891529,center0,0.0,-1.2409140704533295,HDBSCAN_SHARED_PREPROC_NOLEAK,70.0,47.0,PART5_SHARED_HDBSCAN_RELEASE_v1_6_COREMODE_CORECSVFIX
UBC1122,hdbscan,10048,10050,2,48,48,1.0,0.96,0.9795918367346939,0.0,0.04030629999761004,center0,0.0,-1.2739196050803405,HDBSCAN_SHARED_PREPROC_NOLEAK,72.0,48.0,PART5_SHARED_HDBSCAN_RELEASE_v1_6_COREMODE_CORECSVFIX
UBC1123,hdbscan,3011,3011,0,11,11,1.0,1.0,1.0,0.0,0.028899800003273413,center0,0.0,-1.113655869396505,HDBSCAN_SHARED_PREPROC_NOLEAK,50.0,11.0,PART5_SHARED_HDBSCAN_RELEASE_v1_6_COREMODE_CORECSVFIX
UBC1124,hdbscan,3618,3618,0,18,18,1.0,1.0,1.0,0.0,0.02605329999641981,center0,0.0,-1.2156018399778543,HDBSCAN_SHARED_PREPROC_NOLEAK,50.0,18.0,PART5_SHARED_HDBSCAN_RELEASE_v1_6_COREMODE_CORECSVFIX
UBC1125,hdbscan,11054,11055,1,54,54,1.0,0.9818181818181818,0.9908256880733944,0.0,0.038054800003010314,center0,0.0,-1.3048885291962031,HDBSCAN_SHARED_PREPROC_NOLEAK,81.0,54.0,PART5_SHARED_HDBSCAN_RELEASE_v1_6_COREMODE_CORECSVFIX
UBC1126,hdbscan,7236,7236,0,36,36,1.0,1.0,1.0,0.0,0.03173120000428753,center0,0.0,-1.2523381487588932,HDBSCAN_SHARED_PREPROC_NOLEAK,54.0,36.0,PART5_SHARED_HDBSCAN_RELEASE_v1_6_COREMODE_CORECSVFIX
UBC1127,hdbscan,5628,5628,0,28,28,1.0,1.0,1.0,0.0,0.029789900007017422,center0,0.0,-1.225576914647113,HDBSCAN_SHARED_PREPROC_NOLEAK,50.0,28.0,PART5_SHARED_HDBSCAN_RELEASE_v1_6_COREMODE_CORECSVFIX
UBC1128,hdbscan,4421,4422,1,21,21,1.0,0.9545454545454546,0.9767441860465117,0.0,0.028604700004507322,center0,0.0,-1.1808761722155552,HDBSCAN_SHARED_PREPROC_NOLEAK,50.0,21.0,PART5_SHARED_HDBSCAN_RELEASE_v1_6_COREMODE_CORECSVFIX
UBC1129,hdbscan,4824,4824,0,24,24,1.0,1.0,1.0,0.0,0.03094260000216309,center0,0.0,-1.2144852213908806,HDBSCAN_SHARED_PREPROC_NOLEAK,50.0,24.0,PART5_SHARED_HDBSCAN_RELEASE_v1_6_COREMODE_CORECSVFIX
UBC1130,hdbscan,13064,13065,1,64,64,1.0,0.9846153846153847,0.9922480620155039,0.0,0.03888569999980973,center0,0.0,-1.2899360812741707,HDBSCAN_SHARED_PREPROC_NOLEAK,96.0,64.0,PART5_SHARED_HDBSCAN_RELEASE_v1_6_COREMODE_CORECSVFIX
UBC1131,hdbscan,13467,13467,0,67,67,1.0,1.0,1.0,0.0,0.0408910999976797,center0,0.0,-1.4726325872962043,HDBSCAN_SHARED_PREPROC_NOLEAK,100.0,67.0,PART5_SHARED_HDBSCAN_RELEASE_v1_6_COREMODE_CORECSVFIX
UBC1132,hdbscan,4019,4020,1,19,19,1.0,0.95,0.9743589743589743,0.0,0.027900599998247344,center0,0.0,-1.1830573611293014,HDBSCAN_SHARED_PREPROC_NOLEAK,50.0,19.0,PART5_SHARED_HDBSCAN_RELEASE_v1_6_COREMODE_CORECSVFIX
UBC1133,hdbscan,7035,7035,0,35,35,1.0,1.0,1.0,0.0,0.03705459999764571,center0,0.0,-1.2735433632738957,HDBSCAN_SHARED_PREPROC_NOLEAK,52.0,35.0,PART5_SHARED_HDBSCAN_RELEASE_v1_6_COREMODE_CORECSVFIX
UBC1134,hdbscan,8241,8241,0,41,382,0.0,0.0,0.0,1.0,0.03414550000161398,center1_refined,20.0,-1.2617337703249434,HDBSCAN_SHARED_PREPROC_NOLEAK,412.0,382.0,PART5_SHARED_HDBSCAN_RELEASE_v1_6_COREMODE_CORECSVFIX
UBC1135,hdbscan,8844,8844,0,44,44,1.0,1.0,1.0,0.0,0.0340111000041361,center0,0.0,-1.31684243438723,HDBSCAN_SHARED_PREPROC_NOLEAK,66.0,44.0,PART5_SHARED_HDBSCAN_RELEASE_v1_6_COREMODE_CORECSVFIX
UBC1136,hdbscan,3013,3013,0,13,13,1.0,1.0,1.0,0.0,0.026640099997166544,center0,0.0,-1.1517397813285695,HDBSCAN_SHARED_PREPROC_NOLEAK,50.0,13.0,PART5_SHARED_HDBSCAN_RELEASE_v1_6_COREMODE_CORECSVFIX
UBC1137,hdbscan,4823,4824,1,23,241,0.0,0.0,0.0,1.0,0.0293048000021372,center1_refined,20.0,-1.1793931451771162,HDBSCAN_SHARED_PREPROC_NOLEAK,241.0,373.0,PART5_SHARED_HDBSCAN_RELEASE_v1_6_COREMODE_CORECSVFIX
UBC1138,hdbscan,4019,4020,1,19,19,1.0,0.95,0.9743589743589743,0.0,0.028156400003354065,center0,0.0,-1.1647406924927535,HDBSCAN_SHARED_PREPROC_NOLEAK,50.0,19.0,PART5_SHARED_HDBSCAN_RELEASE_v1_6_COREMODE_CORECSVFIX
UBC1139,hdbscan,5226,5226,0,26,26,1.0,1.0,1.0,0.0,0.027535099994565826,center0,0.0,-1.1964458110863911,HDBSCAN_SHARED_PREPROC_NOLEAK,50.0,26.0,PART5_SHARED_HDBSCAN_RELEASE_v1_6_COREMODE_CORECSVFIX
UBC1140,hdbscan,12259,12261,2,59,59,1.0,0.9672131147540983,0.9833333333333333,0.0,0.03869000000122469,center0,0.0,-1.3167098408299545,HDBSCAN_SHARED_PREPROC_NOLEAK,88.0,59.0,PART5_SHARED_HDBSCAN_RELEASE_v1_6_COREMODE_CORECSVFIX
UBC1141,hdbscan,8441,8442,1,41,41,1.0,0.9761904761904762,0.9879518072289156,0.0,0.03538999999727821,center0,0.0,-1.2480721161878419,HDBSCAN_SHARED_PREPROC_NOLEAK,61.0,41.0,PART5_SHARED_HDBSCAN_RELEASE_v1_6_COREMODE_CORECSVFIX
UBC1142,hdbscan,9648,9648,0,48,57,0.8421052631578947,1.0,0.9142857142857143,0.1578947368421053,0.0340619999988121,center0,0.0,-1.2495548367365015,HDBSCAN_SHARED_PREPROC_NOLEAK,85.0,57.0,PART5_SHARED_HDBSCAN_RELEASE_v1_6_COREMODE_CORECSVFIX
UBC1143,hdbscan,20114,20114,0,114,114,1.0,1.0,1.0,0.0,0.046264000004157424,center0,0.0,-1.4315547234522827,HDBSCAN_SHARED_PREPROC_NOLEAK,171.0,114.0,PART5_SHARED_HDBSCAN_RELEASE_v1_6_COREMODE_CORECSVFIX
UBC1144,hdbscan,10653,10653,0,53,55,0.9636363636363636,1.0,0.9814814814814815,0.036363636363636376,0.03407829999923706,center0,0.0,-1.314515706010256,HDBSCAN_SHARED_PREPROC_NOLEAK,82.0,55.0,PART5_SHARED_HDBSCAN_RELEASE_v1_6_COREMODE_CORECSVFIX
UBC1145,hdbscan,4622,4623,1,22,22,1.0,0.9565217391304348,0.9777777777777777,0.0,0.025226199999451637,center0,0.0,-1.2316110319833982,HDBSCAN_SHARED_PREPROC_NOLEAK,50.0,22.0,PART5_SHARED_HDBSCAN_RELEASE_v1_6_COREMODE_CORECSVFIX
UBC1146,hdbscan,8844,8844,0,44,44,1.0,1.0,1.0,0.0,0.03598970000166446,center0,0.0,-1.2977480140964208,HDBSCAN_SHARED_PREPROC_NOLEAK,66.0,44.0,PART5_SHARED_HDBSCAN_RELEASE_v1_6_COREMODE_CORECSVFIX
UBC1147,hdbscan,12662,12663,1,62,63,0.9841269841269841,0.9841269841269841,0.9841269841269841,0.015873015873015928,0.03887840000243159,center0,0.0,-1.3589524890739726,HDBSCAN_SHARED_PREPROC_NOLEAK,94.0,63.0,PART5_SHARED_HDBSCAN_RELEASE_v1_6_COREMODE_CORECSVFIX
UBC1148,hdbscan,5628,5628,0,28,28,1.0,1.0,1.0,0.0,0.029828000006091315,center0,0.0,-1.2395569011719998,HDBSCAN_SHARED_PREPROC_NOLEAK,50.0,28.0,PART5_SHARED_HDBSCAN_RELEASE_v1_6_COREMODE_CORECSVFIX
UBC1149,hdbscan,7638,7638,0,38,38,1.0,1.0,1.0,0.0,0.030663799996546004,center0,0.0,-1.2574289106302123,HDBSCAN_SHARED_PREPROC_NOLEAK,57.0,38.0,PART5_SHARED_HDBSCAN_RELEASE_v1_6_COREMODE_CORECSVFIX
UBC1150,hdbscan,5224,5226,2,24,25,0.96,0.9230769230769231,0.9411764705882353,0.040000000000000036,0.029432000002998393,center0,0.0,-1.1657745886335482,HDBSCAN_SHARED_PREPROC_NOLEAK,50.0,25.0,PART5_SHARED_HDBSCAN_RELEASE_v1_6_COREMODE_CORECSVFIX
UBC1151,hdbscan,6231,6231,0,31,31,1.0,1.0,1.0,0.0,0.029742900005658157,center0,0.0,-1.270111410747093,HDBSCAN_SHARED_PREPROC_NOLEAK,50.0,31.0,PART5_SHARED_HDBSCAN_RELEASE_v1_6_COREMODE_CORECSVFIX
UBC1152,hdbscan,6633,6633,0,33,33,1.0,1.0,1.0,0.0,0.02822780000133207,center0,0.0,-1.2355092440261677,HDBSCAN_SHARED_PREPROC_NOLEAK,50.0,33.0,PART5_SHARED_HDBSCAN_RELEASE_v1_6_COREMODE_CORECSVFIX
UBC1153,hdbscan,3011,3011,0,11,11,1.0,1.0,1.0,0.0,0.026444000002811663,center0,0.0,-1.1221201683250435,HDBSCAN_SHARED_PREPROC_NOLEAK,50.0,11.0,PART5_SHARED_HDBSCAN_RELEASE_v1_6_COREMODE_CORECSVFIX
UBC1154,hdbscan,7638,7638,0,38,38,1.0,1.0,1.0,0.0,0.030986700003268197,center0,0.0,-1.2593446055310555,HDBSCAN_SHARED_PREPROC_NOLEAK,57.0,38.0,PART5_SHARED_HDBSCAN_RELEASE_v1_6_COREMODE_CORECSVFIX
UBC1155,hdbscan,3215,3216,1,15,160,0.0,0.0,0.0,1.0,0.029764600003545638,center1_refined,20.0,-1.1447407571984383,HDBSCAN_SHARED_PREPROC_NOLEAK,160.0,413.0,PART5_SHARED_HDBSCAN_RELEASE_v1_6_COREMODE_CORECSVFIX
UBC1156,hdbscan,4824,4824,0,24,24,1.0,1.0,1.0,0.0,0.032291499999701045,center0,0.0,-1.1634753126135018,HDBSCAN_SHARED_PREPROC_NOLEAK,50.0,24.0,PART5_SHARED_HDBSCAN_RELEASE_v1_6_COREMODE_CORECSVFIX
UBC1157,hdbscan,7839,7839,0,39,39,1.0,1.0,1.0,0.0,0.03491339999891352,center0,0.0,-1.2470976301499648,HDBSCAN_SHARED_PREPROC_NOLEAK,58.0,39.0,PART5_SHARED_HDBSCAN_RELEASE_v1_6_COREMODE_CORECSVFIX
UBC1158,hdbscan,4823,4824,1,23,23,1.0,0.9583333333333334,0.9787234042553191,0.0,0.026714100000390317,center0,0.0,-1.2171777616695767,HDBSCAN_SHARED_PREPROC_NOLEAK,50.0,23.0,PART5_SHARED_HDBSCAN_RELEASE_v1_6_COREMODE_CORECSVFIX
UBC1159,hdbscan,10251,10251,0,51,51,1.0,1.0,1.0,0.0,0.03774300000077346,center0,0.0,-1.2688442838848044,HDBSCAN_SHARED_PREPROC_NOLEAK,76.0,51.0,PART5_SHARED_HDBSCAN_RELEASE_v1_6_COREMODE_CORECSVFIX
UBC1160,hdbscan,14068,14070,2,68,68,1.0,0.9714285714285714,0.9855072463768115,0.0,0.04088700000284007,center0,0.0,-1.3955240958613495,HDBSCAN_SHARED_PREPROC_NOLEAK,102.0,68.0,PART5_SHARED_HDBSCAN_RELEASE_v1_6_COREMODE_CORECSVFIX
UBC1161,hdbscan,9447,9447,0,47,47,1.0,1.0,1.0,0.0,0.03757659999973839,center0,0.0,-1.2207903197895569,HDBSCAN_SHARED_PREPROC_NOLEAK,70.0,47.0,PART5_SHARED_HDBSCAN_RELEASE_v1_6_COREMODE_CORECSVFIX
UBC1162,hdbscan,4623,4623,0,23,23,1.0,1.0,1.0,0.0,0.031698999999207444,center0,0.0,-1.185108862693645,HDBSCAN_SHARED_PREPROC_NOLEAK,50.0,23.0,PART5_SHARED_HDBSCAN_RELEASE_v1_6_COREMODE_CORECSVFIX
UBC1163,hdbscan,20148,20150,2,148,148,1.0,0.9866666666666667,0.9932885906040269,0.0,0.04500559999723919,center0,0.0,-1.4602033308255946,HDBSCAN_SHARED_PREPROC_NOLEAK,222.0,148.0,PART5_SHARED_HDBSCAN_RELEASE_v1_6_COREMODE_CORECSVFIX
UBC1164,hdbscan,3618,3618,0,18,18,1.0,1.0,1.0,0.0,0.028434899999410845,center0,0.0,-1.173765719397732,HDBSCAN_SHARED_PREPROC_NOLEAK,50.0,18.0,PART5_SHARED_HDBSCAN_RELEASE_v1_6_COREMODE_CORECSVFIX
UBC1165,hdbscan,16680,16683,3,80,80,1.0,0.963855421686747,0.9815950920245399,0.0,0.04051900000195019,center0,0.0,-1.4521278524226375,HDBSCAN_SHARED_PREPROC_NOLEAK,120.0,80.0,PART5_SHARED_HDBSCAN_RELEASE_v1_6_COREMODE_CORECSVFIX
UBC1166,hdbscan,4824,4824,0,24,24,1.0,1.0,1.0,0.0,0.027839499998663086,center0,0.0,-1.2017553552638578,HDBSCAN_SHARED_PREPROC_NOLEAK,50.0,24.0,PART5_SHARED_HDBSCAN_RELEASE_v1_6_COREMODE_CORECSVFIX
UBC1167,hdbscan,4623,4623,0,23,23,1.0,1.0,1.0,0.0,0.02713950000179466,center0,0.0,-1.1354203975920263,HDBSCAN_SHARED_PREPROC_NOLEAK,50.0,23.0,PART5_SHARED_HDBSCAN_RELEASE_v1_6_COREMODE_CORECSVFIX
UBC1168,hdbscan,8240,8241,1,40,40,1.0,0.975609756097561,0.9876543209876543,0.0,0.031554199995298404,center0,0.0,-1.2251589497005058,HDBSCAN_SHARED_PREPROC_NOLEAK,60.0,40.0,PART5_SHARED_HDBSCAN_RELEASE_v1_6_COREMODE_CORECSVFIX
UBC1169,hdbscan,15476,15477,1,76,76,1.0,0.987012987012987,0.9934640522875817,0.0,0.0423709999959101,center0,0.0,-1.3954544110720015,HDBSCAN_SHARED_PREPROC_NOLEAK,114.0,76.0,PART5_SHARED_HDBSCAN_RELEASE_v1_6_COREMODE_CORECSVFIX
UBC1170,hdbscan,4221,4221,0,21,21,1.0,1.0,1.0,0.0,0.02668009999615606,center0,0.0,-1.178598854335454,HDBSCAN_SHARED_PREPROC_NOLEAK,50.0,21.0,PART5_SHARED_HDBSCAN_RELEASE_v1_6_COREMODE_CORECSVFIX
UBC1171,hdbscan,3013,3013,0,13,13,1.0,1.0,1.0,0.0,0.02680309999414021,center0,0.0,-1.1352448805358426,HDBSCAN_SHARED_PREPROC_NOLEAK,50.0,13.0,PART5_SHARED_HDBSCAN_RELEASE_v1_6_COREMODE_CORECSVFIX
UBC1172,hdbscan,13265,13266,1,65,322,0.0,0.0,0.0,1.0,0.039683099996182136,center1_refined,20.0,-1.2713207825495239,HDBSCAN_SHARED_PREPROC_NOLEAK,483.0,322.0,PART5_SHARED_HDBSCAN_RELEASE_v1_6_COREMODE_CORECSVFIX
UBC1173,hdbscan,5226,5226,0,26,26,1.0,1.0,1.0,0.0,0.02691610000329092,center0,0.0,-1.2051442000776778,HDBSCAN_SHARED_PREPROC_NOLEAK,50.0,26.0,PART5_SHARED_HDBSCAN_RELEASE_v1_6_COREMODE_CORECSVFIX
UBC1174,hdbscan,3014,3014,0,14,14,1.0,1.0,1.0,0.0,0.035192600000300445,center0,0.0,-1.081809192288099,HDBSCAN_SHARED_PREPROC_NOLEAK,50.0,14.0,PART5_SHARED_HDBSCAN_RELEASE_v1_6_COREMODE_CORECSVFIX
UBC1175,hdbscan,9648,9648,0,48,345,0.0,0.0,0.0,1.0,0.036973299997043796,center1_refined,20.0,-1.3386194482180493,HDBSCAN_SHARED_PREPROC_NOLEAK,482.0,345.0,PART5_SHARED_HDBSCAN_RELEASE_v1_6_COREMODE_CORECSVFIX
UBC1176,hdbscan,3818,3819,1,18,18,1.0,0.9473684210526315,0.972972972972973,0.0,0.026909899999736808,center0,0.0,-1.1676772236691257,HDBSCAN_SHARED_PREPROC_NOLEAK,50.0,18.0,PART5_SHARED_HDBSCAN_RELEASE_v1_6_COREMODE_CORECSVFIX
UBC1177,hdbscan,7234,7236,2,34,34,1.0,0.9444444444444444,0.9714285714285714,0.0,0.03295619999698829,center0,0.0,-1.2571552170809537,HDBSCAN_SHARED_PREPROC_NOLEAK,51.0,34.0,PART5_SHARED_HDBSCAN_RELEASE_v1_6_COREMODE_CORECSVFIX
UBC1178,hdbscan,5226,5226,0,26,26,1.0,1.0,1.0,0.0,0.02735969999775989,center0,0.0,-1.2322955007026093,HDBSCAN_SHARED_PREPROC_NOLEAK,50.0,26.0,PART5_SHARED_HDBSCAN_RELEASE_v1_6_COREMODE_CORECSVFIX
UBC1179,hdbscan,3617,3618,1,17,180,0.0,0.0,0.0,1.0,0.030566900000849273,center1_refined,20.0,-1.1811499192863242,HDBSCAN_SHARED_PREPROC_NOLEAK,180.0,378.0,PART5_SHARED_HDBSCAN_RELEASE_v1_6_COREMODE_CORECSVFIX
UBC1180,hdbscan,6633,6633,0,33,33,1.0,1.0,1.0,0.0,0.028028699998685624,center0,0.0,-1.2544614399566907,HDBSCAN_SHARED_PREPROC_NOLEAK,50.0,33.0,PART5_SHARED_HDBSCAN_RELEASE_v1_6_COREMODE_CORECSVFIX
UBC1181,hdbscan,5025,5025,0,25,25,1.0,1.0,1.0,0.0,0.029327199998078868,center0,0.0,-1.1876739849186833,HDBSCAN_SHARED_PREPROC_NOLEAK,50.0,25.0,PART5_SHARED_HDBSCAN_RELEASE_v1_6_COREMODE_CORECSVFIX
UBC1182,hdbscan,13868,13869,1,68,68,1.0,0.9855072463768116,0.9927007299270074,0.0,0.04109179999795742,center0,0.0,-1.4437362537833711,HDBSCAN_SHARED_PREPROC_NOLEAK,102.0,68.0,PART5_SHARED_HDBSCAN_RELEASE_v1_6_COREMODE_CORECSVFIX
UBC1183,hdbscan,6432,6432,0,32,32,1.0,1.0,1.0,0.0,0.029071099997963756,center0,0.0,-1.2283318283824916,HDBSCAN_SHARED_PREPROC_NOLEAK,50.0,32.0,PART5_SHARED_HDBSCAN_RELEASE_v1_6_COREMODE_CORECSVFIX
UBC1184,hdbscan,10451,10452,1,51,51,1.0,0.9807692307692307,0.9902912621359222,0.0,0.039380499998515006,center0,0.0,-1.3331781620301986,HDBSCAN_SHARED_PREPROC_NOLEAK,76.0,51.0,PART5_SHARED_HDBSCAN_RELEASE_v1_6_COREMODE_CORECSVFIX
UBC1185,hdbscan,20098,20101,3,98,98,1.0,0.9702970297029703,0.9849246231155778,0.0,0.04852469999605091,center0,0.0,-1.4052927612519148,HDBSCAN_SHARED_PREPROC_NOLEAK,147.0,98.0,PART5_SHARED_HDBSCAN_RELEASE_v1_6_COREMODE_CORECSVFIX
UBC1186,hdbscan,4221,4221,0,21,21,1.0,1.0,1.0,0.0,0.02601429999776883,center0,0.0,-1.2039056847486838,HDBSCAN_SHARED_PREPROC_NOLEAK,50.0,21.0,PART5_SHARED_HDBSCAN_RELEASE_v1_6_COREMODE_CORECSVFIX
UBC1187,hdbscan,3617,3618,1,17,17,1.0,0.9444444444444444,0.9714285714285714,0.0,0.03040340000006836,center0,0.0,-1.1491207042885838,HDBSCAN_SHARED_PREPROC_NOLEAK,50.0,17.0,PART5_SHARED_HDBSCAN_RELEASE_v1_6_COREMODE_CORECSVFIX
UBC1188,hdbscan,3013,3013,0,13,13,1.0,1.0,1.0,0.0,0.029058300002361648,center0,0.0,-1.1240533947039621,HDBSCAN_SHARED_PREPROC_NOLEAK,50.0,13.0,PART5_SHARED_HDBSCAN_RELEASE_v1_6_COREMODE_CORECSVFIX
UBC1189,hdbscan,6231,6231,0,31,31,1.0,1.0,1.0,0.0,0.031834999994316604,center0,0.0,-1.2317274230073962,HDBSCAN_SHARED_PREPROC_NOLEAK,50.0,31.0,PART5_SHARED_HDBSCAN_RELEASE_v1_6_COREMODE_CORECSVFIX
UBC1190,hdbscan,10452,10452,0,52,52,1.0,1.0,1.0,0.0,0.03894120000040857,center0,0.0,-1.2720310558271486,HDBSCAN_SHARED_PREPROC_NOLEAK,78.0,52.0,PART5_SHARED_HDBSCAN_RELEASE_v1_6_COREMODE_CORECSVFIX
UBC1191,hdbscan,4623,4623,0,23,23,1.0,1.0,1.0,0.0,0.02903449999575969,center0,0.0,-1.1343277180259115,HDBSCAN_SHARED_PREPROC_NOLEAK,50.0,23.0,PART5_SHARED_HDBSCAN_RELEASE_v1_6_COREMODE_CORECSVFIX
UBC1192,hdbscan,6832,6834,2,32,32,1.0,0.9411764705882353,0.9696969696969697,0.0,0.030990699997346383,center0,0.0,-1.2370665314384894,HDBSCAN_SHARED_PREPROC_NOLEAK,50.0,32.0,PART5_SHARED_HDBSCAN_RELEASE_v1_6_COREMODE_CORECSVFIX
UBC1193,hdbscan,6633,6633,0,33,33,1.0,1.0,1.0,0.0,0.031231699998897966,center0,0.0,-1.2130996098896067,HDBSCAN_SHARED_PREPROC_NOLEAK,50.0,33.0,PART5_SHARED_HDBSCAN_RELEASE_v1_6_COREMODE_CORECSVFIX
UBC1194,hdbscan,6672,6674,2,62,333,0.0,0.0,0.0,1.0,0.03100270000140881,center0,0.0,-1.2154502646850394,HDBSCAN_SHARED_PREPROC_NOLEAK,333.0,427.0,PART5_SHARED_HDBSCAN_RELEASE_v1_6_COREMODE_CORECSVFIX
UBC1195,hdbscan,4623,4623,0,23,23,1.0,1.0,1.0,0.0,0.02689799999643583,center0,0.0,-1.2212390243670415,HDBSCAN_SHARED_PREPROC_NOLEAK,50.0,23.0,PART5_SHARED_HDBSCAN_RELEASE_v1_6_COREMODE_CORECSVFIX
UBC1196,hdbscan,10854,10854,0,54,54,1.0,1.0,1.0,0.0,0.03461599999718601,center0,0.0,-1.2961293242750045,HDBSCAN_SHARED_PREPROC_NOLEAK,81.0,54.0,PART5_SHARED_HDBSCAN_RELEASE_v1_6_COREMODE_CORECSVFIX
UBC1197,hdbscan,3417,3417,0,17,17,1.0,1.0,1.0,0.0,0.02528159999928903,center0,0.0,-1.1515996188080622,HDBSCAN_SHARED_PREPROC_NOLEAK,50.0,17.0,PART5_SHARED_HDBSCAN_RELEASE_v1_6_COREMODE_CORECSVFIX
UBC1198,hdbscan,6231,6231,0,31,311,0.0,0.0,0.0,1.0,0.02933449999545701,center1_refined,20.0,-1.2370113871031736,HDBSCAN_SHARED_PREPROC_NOLEAK,311.0,391.0,PART5_SHARED_HDBSCAN_RELEASE_v1_6_COREMODE_CORECSVFIX
UBC1199,hdbscan,5427,5427,0,27,27,1.0,1.0,1.0,0.0,0.02863680000155,center0,0.0,-1.2042587829981237,HDBSCAN_SHARED_PREPROC_NOLEAK,50.0,27.0,PART5_SHARED_HDBSCAN_RELEASE_v1_6_COREMODE_CORECSVFIX
UBC1200,hdbscan,8844,8844,0,44,44,1.0,1.0,1.0,0.0,0.03235799999674782,center0,0.0,-1.2609397742795745,HDBSCAN_SHARED_PREPROC_NOLEAK,66.0,44.0,PART5_SHARED_HDBSCAN_RELEASE_v1_6_COREMODE_CORECSVFIX
UBC1201,hdbscan,9045,9045,0,45,45,1.0,1.0,1.0,0.0,0.03232679999928223,center0,0.0,-1.2144045568398218,HDBSCAN_SHARED_PREPROC_NOLEAK,67.0,45.0,PART5_SHARED_HDBSCAN_RELEASE_v1_6_COREMODE_CORECSVFIX
UBC1202,hdbscan,10251,10251,0,51,368,0.13858695652173914,1.0,0.24343675417661095,0.8614130434782609,0.034324199994443916,center1_refined,20.0,-1.162662937926565,HDBSCAN_SHARED_PREPROC_NOLEAK,486.0,368.0,PART5_SHARED_HDBSCAN_RELEASE_v1_6_COREMODE_CORECSVFIX
UBC1203,hdbscan,5025,5025,0,25,26,0.9615384615384616,1.0,0.9803921568627451,0.038461538461538436,0.028847500005213078,center0,0.0,-1.2100627861399602,HDBSCAN_SHARED_PREPROC_NOLEAK,50.0,26.0,PART5_SHARED_HDBSCAN_RELEASE_v1_6_COREMODE_CORECSVFIX
UBC1204,hdbscan,7236,7236,0,36,36,1.0,1.0,1.0,0.0,0.030672100001538638,center0,0.0,-1.2760382165919064,HDBSCAN_SHARED_PREPROC_NOLEAK,54.0,36.0,PART5_SHARED_HDBSCAN_RELEASE_v1_6_COREMODE_CORECSVFIX
UBC1205,hdbscan,10653,10653,0,53,53,1.0,1.0,1.0,0.0,0.036753499996848404,center0,0.0,-1.3658326622312504,HDBSCAN_SHARED_PREPROC_NOLEAK,79.0,53.0,PART5_SHARED_HDBSCAN_RELEASE_v1_6_COREMODE_CORECSVFIX
UBC1206,hdbscan,3216,3216,0,16,16,1.0,1.0,1.0,0.0,0.026724900002591312,center0,0.0,-1.127317700458784,HDBSCAN_SHARED_PREPROC_NOLEAK,50.0,16.0,PART5_SHARED_HDBSCAN_RELEASE_v1_6_COREMODE_CORECSVFIX
UBC1207,hdbscan,4623,4623,0,23,23,1.0,1.0,1.0,0.0,0.02832749999652151,center0,0.0,-1.1846803405018198,HDBSCAN_SHARED_PREPROC_NOLEAK,50.0,23.0,PART5_SHARED_HDBSCAN_RELEASE_v1_6_COREMODE_CORECSVFIX
UBC1208,hdbscan,4623,4623,0,23,23,1.0,1.0,1.0,0.0,0.028031899993948173,center0,0.0,-1.1608623610704552,HDBSCAN_SHARED_PREPROC_NOLEAK,50.0,23.0,PART5_SHARED_HDBSCAN_RELEASE_v1_6_COREMODE_CORECSVFIX
UBC1209,hdbscan,20188,20190,2,188,398,0.45226130653266333,0.9473684210526315,0.6122448979591837,0.5477386934673367,0.046339599997736514,center1_refined,20.0,-1.5930548825663902,HDBSCAN_SHARED_PREPROC_NOLEAK,487.0,398.0,PART5_SHARED_HDBSCAN_RELEASE_v1_6_COREMODE_CORECSVFIX
UBC1210,hdbscan,4824,4824,0,24,27,0.8888888888888888,1.0,0.9411764705882353,0.11111111111111116,0.029279399997903965,center0,0.0,-1.1866786920168737,HDBSCAN_SHARED_PREPROC_NOLEAK,50.0,27.0,PART5_SHARED_HDBSCAN_RELEASE_v1_6_COREMODE_CORECSVFIX
UBC1211,hdbscan,8844,8844,0,44,45,0.9777777777777777,1.0,0.9887640449438202,0.022222222222222254,0.03300749999471009,center0,0.0,-1.2547036424467464,HDBSCAN_SHARED_PREPROC_NOLEAK,67.0,45.0,PART5_SHARED_HDBSCAN_RELEASE_v1_6_COREMODE_CORECSVFIX
UBC1212,hdbscan,5025,5025,0,25,25,1.0,1.0,1.0,0.0,0.02943960000266088,center0,0.0,-1.1790077201525824,HDBSCAN_SHARED_PREPROC_NOLEAK,50.0,25.0,PART5_SHARED_HDBSCAN_RELEASE_v1_6_COREMODE_CORECSVFIX
UBC1213,hdbscan,4020,4020,0,20,20,1.0,1.0,1.0,0.0,0.02657799999724375,center0,0.0,-1.1986989179739178,HDBSCAN_SHARED_PREPROC_NOLEAK,50.0,20.0,PART5_SHARED_HDBSCAN_RELEASE_v1_6_COREMODE_CORECSVFIX
UBC1214,hdbscan,4221,4221,0,21,21,1.0,1.0,1.0,0.0,0.030317500000819564,center0,0.0,-1.1741861708689432,HDBSCAN_SHARED_PREPROC_NOLEAK,50.0,21.0,PART5_SHARED_HDBSCAN_RELEASE_v1_6_COREMODE_CORECSVFIX
UBC1215,hdbscan,9648,9648,0,48,48,1.0,1.0,1.0,0.0,0.035865000005287584,center0,0.0,-1.2262039708792392,HDBSCAN_SHARED_PREPROC_NOLEAK,72.0,48.0,PART5_SHARED_HDBSCAN_RELEASE_v1_6_COREMODE_CORECSVFIX
UBC1216,hdbscan,5829,5829,0,29,32,0.90625,1.0,0.9508196721311475,0.09375,0.03196610000304645,center0,0.0,-1.1888067323556974,HDBSCAN_SHARED_PREPROC_NOLEAK,50.0,32.0,PART5_SHARED_HDBSCAN_RELEASE_v1_6_COREMODE_CORECSVFIX
UBC1217,hdbscan,3014,3014,0,14,14,1.0,1.0,1.0,0.0,0.024097499997878913,center0,0.0,-1.100060085960771,HDBSCAN_SHARED_PREPROC_NOLEAK,50.0,14.0,PART5_SHARED_HDBSCAN_RELEASE_v1_6_COREMODE_CORECSVFIX
UBC1218,hdbscan,12261,12261,0,61,355,0.0,0.0,0.0,1.0,0.03682639999897219,center1_refined,20.0,-1.3330979640926728,HDBSCAN_SHARED_PREPROC_NOLEAK,485.0,355.0,PART5_SHARED_HDBSCAN_RELEASE_v1_6_COREMODE_CORECSVFIX
UBC1219,hdbscan,4020,4020,0,20,20,1.0,1.0,1.0,0.0,0.028019000004860573,center0,0.0,-1.1692472321969536,HDBSCAN_SHARED_PREPROC_NOLEAK,50.0,20.0,PART5_SHARED_HDBSCAN_RELEASE_v1_6_COREMODE_CORECSVFIX
UBC1220,hdbscan,5829,5829,0,29,291,0.0,0.0,0.0,1.0,0.027637200000754092,center1_refined,20.0,-1.2105012356531817,HDBSCAN_SHARED_PREPROC_NOLEAK,291.0,359.0,PART5_SHARED_HDBSCAN_RELEASE_v1_6_COREMODE_CORECSVFIX
UBC1221,hdbscan,5225,5226,1,25,25,1.0,0.9615384615384616,0.9803921568627451,0.0,0.029925299997557886,center0,0.0,-1.200304481923427,HDBSCAN_SHARED_PREPROC_NOLEAK,50.0,25.0,PART5_SHARED_HDBSCAN_RELEASE_v1_6_COREMODE_CORECSVFIX
UBC1222,hdbscan,9648,9648,0,48,48,1.0,1.0,1.0,0.0,0.0362198000002536,center0,0.0,-1.3159282875955478,HDBSCAN_SHARED_PREPROC_NOLEAK,72.0,48.0,PART5_SHARED_HDBSCAN_RELEASE_v1_6_COREMODE_CORECSVFIX
UBC1223,hdbscan,5427,5427,0,27,27,1.0,1.0,1.0,0.0,0.025679099999251775,center0,0.0,-1.2140412845981912,HDBSCAN_SHARED_PREPROC_NOLEAK,50.0,27.0,PART5_SHARED_HDBSCAN_RELEASE_v1_6_COREMODE_CORECSVFIX
UBC1224,hdbscan,8039,8040,1,39,39,1.0,0.975,0.9873417721518987,0.0,0.033665999995719176,center0,0.0,-1.222197016220794,HDBSCAN_SHARED_PREPROC_NOLEAK,58.0,39.0,PART5_SHARED_HDBSCAN_RELEASE_v1_6_COREMODE_CORECSVFIX
UBC1225,hdbscan,6833,6834,1,33,33,1.0,0.9705882352941176,0.9850746268656716,0.0,0.0288211999941268,center0,0.0,-1.226850459648111,HDBSCAN_SHARED_PREPROC_NOLEAK,50.0,33.0,PART5_SHARED_HDBSCAN_RELEASE_v1_6_COREMODE_CORECSVFIX
UBC1226,hdbscan,10050,10050,0,50,50,1.0,1.0,1.0,0.0,0.0338802999976906,center0,0.0,-1.2323870246123991,HDBSCAN_SHARED_PREPROC_NOLEAK,75.0,50.0,PART5_SHARED_HDBSCAN_RELEASE_v1_6_COREMODE_CORECSVFIX
UBC1227,hdbscan,3011,3011,0,11,11,1.0,1.0,1.0,0.0,0.028946800004632678,center0,0.0,-1.1130867658855712,HDBSCAN_SHARED_PREPROC_NOLEAK,50.0,11.0,PART5_SHARED_HDBSCAN_RELEASE_v1_6_COREMODE_CORECSVFIX
UBC1228,hdbscan,5427,5427,0,27,27,1.0,1.0,1.0,0.0,0.028909299995575566,center0,0.0,-1.1769973209544016,HDBSCAN_SHARED_PREPROC_NOLEAK,50.0,27.0,PART5_SHARED_HDBSCAN_RELEASE_v1_6_COREMODE_CORECSVFIX
UBC1229,hdbscan,3819,3819,0,19,19,1.0,1.0,1.0,0.0,0.028381299998727627,center0,0.0,-1.1440354045407077,HDBSCAN_SHARED_PREPROC_NOLEAK,50.0,19.0,PART5_SHARED_HDBSCAN_RELEASE_v1_6_COREMODE_CORECSVFIX
UBC1230,hdbscan,3618,3618,0,18,18,1.0,1.0,1.0,0.0,0.025782500000786968,center0,0.0,-1.1404960561401924,HDBSCAN_SHARED_PREPROC_NOLEAK,50.0,18.0,PART5_SHARED_HDBSCAN_RELEASE_v1_6_COREMODE_CORECSVFIX
UBC1231,hdbscan,5226,5226,0,26,26,1.0,1.0,1.0,0.0,0.028924099999130704,center0,0.0,-1.2007468080079164,HDBSCAN_SHARED_PREPROC_NOLEAK,50.0,26.0,PART5_SHARED_HDBSCAN_RELEASE_v1_6_COREMODE_CORECSVFIX
UBC1232,hdbscan,8039,8040,1,39,39,1.0,0.975,0.9873417721518987,0.0,0.03151879999495577,center0,0.0,-1.2368094347368208,HDBSCAN_SHARED_PREPROC_NOLEAK,58.0,39.0,PART5_SHARED_HDBSCAN_RELEASE_v1_6_COREMODE_CORECSVFIX
UBC1233,hdbscan,9045,9045,0,45,45,1.0,1.0,1.0,0.0,0.03295349999825703,center0,0.0,-1.2821283640564696,HDBSCAN_SHARED_PREPROC_NOLEAK,67.0,45.0,PART5_SHARED_HDBSCAN_RELEASE_v1_6_COREMODE_CORECSVFIX
UBC1234,hdbscan,9848,9849,1,48,51,0.9411764705882353,0.9795918367346939,0.96,0.05882352941176472,0.03359009999985574,center0,0.0,-1.3334171158434018,HDBSCAN_SHARED_PREPROC_NOLEAK,76.0,51.0,PART5_SHARED_HDBSCAN_RELEASE_v1_6_COREMODE_CORECSVFIX
UBC1235,hdbscan,4020,4020,0,20,22,0.9090909090909091,1.0,0.9523809523809523,0.09090909090909094,0.03147270000044955,center0,0.0,-1.1430999605777212,HDBSCAN_SHARED_PREPROC_NOLEAK,50.0,22.0,PART5_SHARED_HDBSCAN_RELEASE_v1_6_COREMODE_CORECSVFIX
UBC1236,hdbscan,20111,20112,1,111,111,1.0,0.9910714285714286,0.9955156950672646,0.0,0.04932130000088364,center0,0.0,-1.519550618335401,HDBSCAN_SHARED_PREPROC_NOLEAK,166.0,111.0,PART5_SHARED_HDBSCAN_RELEASE_v1_6_COREMODE_CORECSVFIX
UBC1237,hdbscan,10250,10251,1,50,59,0.847457627118644,0.9803921568627451,0.909090909090909,0.15254237288135597,0.035147199996572454,center0,0.0,-1.3748101044757175,HDBSCAN_SHARED_PREPROC_NOLEAK,88.0,59.0,PART5_SHARED_HDBSCAN_RELEASE_v1_6_COREMODE_CORECSVFIX
UBC1238,hdbscan,4824,4824,0,24,24,1.0,1.0,1.0,0.0,0.02670120000402676,center0,0.0,-1.2089465856907347,HDBSCAN_SHARED_PREPROC_NOLEAK,50.0,24.0,PART5_SHARED_HDBSCAN_RELEASE_v1_6_COREMODE_CORECSVFIX
UBC1239,hdbscan,4622,4623,1,22,22,1.0,0.9565217391304348,0.9777777777777777,0.0,0.031069900003785733,center0,0.0,-1.1863513065413025,HDBSCAN_SHARED_PREPROC_NOLEAK,50.0,22.0,PART5_SHARED_HDBSCAN_RELEASE_v1_6_COREMODE_CORECSVFIX
UBC1240,hdbscan,9446,9447,1,46,47,0.9787234042553191,0.9787234042553191,0.9787234042553191,0.021276595744680882,0.033501199999591336,center0,0.0,-1.2807784003127023,HDBSCAN_SHARED_PREPROC_NOLEAK,70.0,47.0,PART5_SHARED_HDBSCAN_RELEASE_v1_6_COREMODE_CORECSVFIX
UBC1241,hdbscan,9848,9849,1,48,48,1.0,0.9795918367346939,0.9896907216494846,0.0,0.04032520000328077,center0,0.0,-1.3635608890135325,HDBSCAN_SHARED_PREPROC_NOLEAK,72.0,48.0,PART5_SHARED_HDBSCAN_RELEASE_v1_6_COREMODE_CORECSVFIX
UBC1242,hdbscan,11658,11658,0,58,58,1.0,1.0,1.0,0.0,0.0370078000050853,center0,0.0,-1.320138446897536,HDBSCAN_SHARED_PREPROC_NOLEAK,87.0,58.0,PART5_SHARED_HDBSCAN_RELEASE_v1_6_COREMODE_CORECSVFIX
UBC1243,hdbscan,6230,6231,1,30,30,1.0,0.967741935483871,0.9836065573770492,0.0,0.0299864000044181,center0,0.0,-1.2466132589151924,HDBSCAN_SHARED_PREPROC_NOLEAK,50.0,30.0,PART5_SHARED_HDBSCAN_RELEASE_v1_6_COREMODE_CORECSVFIX
UBC1244,hdbscan,20105,20106,1,105,105,1.0,0.9905660377358491,0.9952606635071091,0.0,0.046724100000574253,center0,0.0,-1.5176695637188882,HDBSCAN_SHARED_PREPROC_NOLEAK,157.0,105.0,PART5_SHARED_HDBSCAN_RELEASE_v1_6_COREMODE_CORECSVFIX
UBC1245,hdbscan,3818,3819,1,18,19,0.9473684210526315,0.9473684210526315,0.9473684210526315,0.052631578947368474,0.028609399996639695,center0,0.0,-1.1553914586551897,HDBSCAN_SHARED_PREPROC_NOLEAK,50.0,19.0,PART5_SHARED_HDBSCAN_RELEASE_v1_6_COREMODE_CORECSVFIX
UBC1246,hdbscan,13461,13462,1,66,77,0.8441558441558441,0.9701492537313433,0.9027777777777779,0.1558441558441559,0.037510699999984354,center0,0.0,-1.2966699609172163,HDBSCAN_SHARED_PREPROC_NOLEAK,115.0,77.0,PART5_SHARED_HDBSCAN_RELEASE_v1_6_COREMODE_CORECSVFIX
UBC1247,hdbscan,3014,3014,0,14,15,0.9333333333333333,1.0,0.9655172413793104,0.06666666666666665,0.029780100005154964,center0,0.0,-1.1385177134874702,HDBSCAN_SHARED_PREPROC_NOLEAK,50.0,15.0,PART5_SHARED_HDBSCAN_RELEASE_v1_6_COREMODE_CORECSVFIX
UBC1248,hdbscan,7437,7437,0,37,37,1.0,1.0,1.0,0.0,0.03661830000055488,center0,0.0,-1.2795696299813861,HDBSCAN_SHARED_PREPROC_NOLEAK,55.0,37.0,PART5_SHARED_HDBSCAN_RELEASE_v1_6_COREMODE_CORECSVFIX
UBC1249,hdbscan,19697,19698,1,97,98,0.9897959183673469,0.9897959183673469,0.9897959183673469,0.010204081632653073,0.05172760000277776,center0,0.0,-1.3193707209847014,HDBSCAN_SHARED_PREPROC_NOLEAK,147.0,98.0,PART5_SHARED_HDBSCAN_RELEASE_v1_6_COREMODE_CORECSVFIX
UBC1250,hdbscan,5627,5628,1,27,27,1.0,0.9642857142857143,0.9818181818181818,0.0,0.02923469999950612,center0,0.0,-1.1301824031922618,HDBSCAN_SHARED_PREPROC_NOLEAK,50.0,27.0,PART5_SHARED_HDBSCAN_RELEASE_v1_6_COREMODE_CORECSVFIX
UBC1251,hdbscan,3818,3819,1,18,18,1.0,0.9473684210526315,0.972972972972973,0.0,0.027155700001458172,center0,0.0,-1.1630884023036732,HDBSCAN_SHARED_PREPROC_NOLEAK,50.0,18.0,PART5_SHARED_HDBSCAN_RELEASE_v1_6_COREMODE_CORECSVFIX
UBC1252,hdbscan,4422,4422,0,22,22,1.0,1.0,1.0,0.0,0.027656000005663373,center0,0.0,-1.2258499601516293,HDBSCAN_SHARED_PREPROC_NOLEAK,50.0,22.0,PART5_SHARED_HDBSCAN_RELEASE_v1_6_COREMODE_CORECSVFIX
UBC1253,hdbscan,8241,8241,0,41,41,1.0,1.0,1.0,0.0,0.03337090000422904,center0,0.0,-1.2682021027116799,HDBSCAN_SHARED_PREPROC_NOLEAK,61.0,41.0,PART5_SHARED_HDBSCAN_RELEASE_v1_6_COREMODE_CORECSVFIX
UBC1254,hdbscan,20108,20109,1,108,103,1.0,0.944954128440367,0.9716981132075472,0.0,0.048100400003022514,center0,0.0,-1.3972514820908726,HDBSCAN_SHARED_PREPROC_NOLEAK,154.0,103.0,PART5_SHARED_HDBSCAN_RELEASE_v1_6_COREMODE_CORECSVFIX
UBC1255,hdbscan,12662,12663,1,62,62,1.0,0.9841269841269841,0.9919999999999999,0.0,0.038318799997796305,center0,0.0,-1.3162846620306292,HDBSCAN_SHARED_PREPROC_NOLEAK,93.0,62.0,PART5_SHARED_HDBSCAN_RELEASE_v1_6_COREMODE_CORECSVFIX
UBC1256,hdbscan,11455,11456,1,56,63,0.8888888888888888,0.9824561403508771,0.9333333333333333,0.11111111111111116,0.035485499996866565,center0,0.0,-1.351215758787615,HDBSCAN_SHARED_PREPROC_NOLEAK,94.0,63.0,PART5_SHARED_HDBSCAN_RELEASE_v1_6_COREMODE_CORECSVFIX
UBC1257,hdbscan,3011,3011,0,11,11,1.0,1.0,1.0,0.0,0.0309382999985246,center0,0.0,-1.078566745665622,HDBSCAN_SHARED_PREPROC_NOLEAK,50.0,11.0,PART5_SHARED_HDBSCAN_RELEASE_v1_6_COREMODE_CORECSVFIX
UBC1258,hdbscan,4824,4824,0,24,29,0.8275862068965517,1.0,0.9056603773584906,0.1724137931034483,0.029615599996759556,center0,0.0,-1.1802808225109858,HDBSCAN_SHARED_PREPROC_NOLEAK,50.0,29.0,PART5_SHARED_HDBSCAN_RELEASE_v1_6_COREMODE_CORECSVFIX
UBC1259,hdbscan,4020,4020,0,20,20,1.0,1.0,1.0,0.0,0.02578160000120988,center0,0.0,-1.13452818099743,HDBSCAN_SHARED_PREPROC_NOLEAK,50.0,20.0,PART5_SHARED_HDBSCAN_RELEASE_v1_6_COREMODE_CORECSVFIX
UBC1260,hdbscan,3618,3618,0,18,18,1.0,1.0,1.0,0.0,0.0263967999999295,center0,0.0,-1.1129237121710394,HDBSCAN_SHARED_PREPROC_NOLEAK,50.0,18.0,PART5_SHARED_HDBSCAN_RELEASE_v1_6_COREMODE_CORECSVFIX
UBC1261,hdbscan,6432,6432,0,32,32,1.0,1.0,1.0,0.0,0.03395550000277581,center0,0.0,-1.2013817342421549,HDBSCAN_SHARED_PREPROC_NOLEAK,50.0,32.0,PART5_SHARED_HDBSCAN_RELEASE_v1_6_COREMODE_CORECSVFIX
UBC1262,hdbscan,10452,10452,0,52,54,0.9629629629629629,1.0,0.9811320754716981,0.03703703703703709,0.03387549999752082,center0,0.0,-1.3053021754828884,HDBSCAN_SHARED_PREPROC_NOLEAK,81.0,54.0,PART5_SHARED_HDBSCAN_RELEASE_v1_6_COREMODE_CORECSVFIX
UBC1263,hdbscan,7838,7839,1,38,39,0.9743589743589743,0.9743589743589743,0.9743589743589743,0.02564102564102566,0.02961219999997411,center0,0.0,-1.2289454931739163,HDBSCAN_SHARED_PREPROC_NOLEAK,58.0,39.0,PART5_SHARED_HDBSCAN_RELEASE_v1_6_COREMODE_CORECSVFIX
UBC1264,hdbscan,7437,7437,0,37,37,1.0,1.0,1.0,0.0,0.031335799998487346,center0,0.0,-1.2044045513863733,HDBSCAN_SHARED_PREPROC_NOLEAK,55.0,37.0,PART5_SHARED_HDBSCAN_RELEASE_v1_6_COREMODE_CORECSVFIX
UBC1265,hdbscan,9612,9612,0,48,78,0.6153846153846154,1.0,0.761904761904762,0.3846153846153846,0.03546669999923324,center0,0.0,-1.3255120942852652,HDBSCAN_SHARED_PREPROC_NOLEAK,117.0,78.0,PART5_SHARED_HDBSCAN_RELEASE_v1_6_COREMODE_CORECSVFIX
UBC1266,hdbscan,3012,3012,0,12,12,1.0,1.0,1.0,0.0,0.031679300001997035,center0,0.0,-1.0916631491136801,HDBSCAN_SHARED_PREPROC_NOLEAK,50.0,12.0,PART5_SHARED_HDBSCAN_RELEASE_v1_6_COREMODE_CORECSVFIX
UBC1267,hdbscan,7839,7839,0,39,391,0.09974424552429667,1.0,0.18139534883720929,0.9002557544757033,0.03136649999942165,center1_refined,8.541636765003204,-1.249255301489915,HDBSCAN_SHARED_PREPROC_NOLEAK,391.0,398.0,PART5_SHARED_HDBSCAN_RELEASE_v1_6_COREMODE_CORECSVFIX
UBC1268,hdbscan,4422,4422,0,22,221,0.0,0.0,0.0,1.0,0.027343000001565088,center1_refined,20.0,-1.2092230295088977,HDBSCAN_SHARED_PREPROC_NOLEAK,221.0,371.0,PART5_SHARED_HDBSCAN_RELEASE_v1_6_COREMODE_CORECSVFIX
UBC1269,hdbscan,3819,3819,0,19,19,1.0,1.0,1.0,0.0,0.026482099994609598,center0,0.0,-1.1979016958230801,HDBSCAN_SHARED_PREPROC_NOLEAK,50.0,19.0,PART5_SHARED_HDBSCAN_RELEASE_v1_6_COREMODE_CORECSVFIX
UBC1270,hdbscan,7839,7839,0,39,190,0.20526315789473684,1.0,0.3406113537117904,0.7947368421052632,0.029814399997121654,center1_refined,20.0,-1.2223664916748254,HDBSCAN_SHARED_PREPROC_NOLEAK,285.0,190.0,PART5_SHARED_HDBSCAN_RELEASE_v1_6_COREMODE_CORECSVFIX
UBC1271,hdbscan,6834,6834,0,34,341,0.0,0.0,0.0,1.0,0.02947169999970356,center1_refined,20.0,-1.2370243587074155,HDBSCAN_SHARED_PREPROC_NOLEAK,341.0,378.0,PART5_SHARED_HDBSCAN_RELEASE_v1_6_COREMODE_CORECSVFIX
UBC1272,hdbscan,5226,5226,0,26,26,1.0,1.0,1.0,0.0,0.03146159999596421,center0,0.0,-1.20271994167289,HDBSCAN_SHARED_PREPROC_NOLEAK,50.0,26.0,PART5_SHARED_HDBSCAN_RELEASE_v1_6_COREMODE_CORECSVFIX
UBC1273,hdbscan,7236,7236,0,36,42,0.8571428571428571,1.0,0.923076923076923,0.1428571428571429,0.03263879999576602,center0,0.0,-1.2218710940838085,HDBSCAN_SHARED_PREPROC_NOLEAK,63.0,42.0,PART5_SHARED_HDBSCAN_RELEASE_v1_6_COREMODE_CORECSVFIX
UBC1274,hdbscan,9849,9849,0,49,49,1.0,1.0,1.0,0.0,0.032199300003412645,center0,0.0,-1.2939154314052708,HDBSCAN_SHARED_PREPROC_NOLEAK,73.0,49.0,PART5_SHARED_HDBSCAN_RELEASE_v1_6_COREMODE_CORECSVFIX
UBC1275,hdbscan,3216,3216,0,16,16,1.0,1.0,1.0,0.0,0.02603330000420101,center0,0.0,-1.1708816515063543,HDBSCAN_SHARED_PREPROC_NOLEAK,50.0,16.0,PART5_SHARED_HDBSCAN_RELEASE_v1_6_COREMODE_CORECSVFIX
UBC1276,hdbscan,4422,4422,0,22,22,1.0,1.0,1.0,0.0,0.026609900000039488,center0,0.0,-1.2036909454015094,HDBSCAN_SHARED_PREPROC_NOLEAK,50.0,22.0,PART5_SHARED_HDBSCAN_RELEASE_v1_6_COREMODE_CORECSVFIX
UBC1277,hdbscan,4221,4221,0,21,24,0.875,1.0,0.9333333333333333,0.125,0.029054499995254446,center0,0.0,-1.1217301580731818,HDBSCAN_SHARED_PREPROC_NOLEAK,50.0,24.0,PART5_SHARED_HDBSCAN_RELEASE_v1_6_COREMODE_CORECSVFIX
UBC1278,hdbscan,4221,4221,0,21,22,0.9545454545454546,1.0,0.9767441860465117,0.045454545454545414,0.028188100004626904,center0,0.0,-1.1868945492929353,HDBSCAN_SHARED_PREPROC_NOLEAK,50.0,22.0,PART5_SHARED_HDBSCAN_RELEASE_v1_6_COREMODE_CORECSVFIX
UBC1279,hdbscan,7838,7839,1,38,38,1.0,0.9743589743589743,0.9870129870129869,0.0,0.032153200001630466,center0,0.0,-1.2773557463166556,HDBSCAN_SHARED_PREPROC_NOLEAK,57.0,38.0,PART5_SHARED_HDBSCAN_RELEASE_v1_6_COREMODE_CORECSVFIX
UBC1280,hdbscan,12864,12864,0,64,64,1.0,1.0,1.0,0.0,0.03571869999723276,center0,0.0,-1.338010559850241,HDBSCAN_SHARED_PREPROC_NOLEAK,96.0,64.0,PART5_SHARED_HDBSCAN_RELEASE_v1_6_COREMODE_CORECSVFIX
UBC1281,hdbscan,3417,3417,0,17,17,1.0,1.0,1.0,0.0,0.02673030000005383,center0,0.0,-1.1436675097706621,HDBSCAN_SHARED_PREPROC_NOLEAK,50.0,17.0,PART5_SHARED_HDBSCAN_RELEASE_v1_6_COREMODE_CORECSVFIX
UBC1282,hdbscan,3216,3216,0,16,16,1.0,1.0,1.0,0.0,0.0243281000002753,center0,0.0,-1.1811316037728754,HDBSCAN_SHARED_PREPROC_NOLEAK,50.0,16.0,PART5_SHARED_HDBSCAN_RELEASE_v1_6_COREMODE_CORECSVFIX
UBC1283,hdbscan,6230,6231,1,30,30,1.0,0.967741935483871,0.9836065573770492,0.0,0.028304599996772595,center0,0.0,-1.2201301551581947,HDBSCAN_SHARED_PREPROC_NOLEAK,50.0,30.0,PART5_SHARED_HDBSCAN_RELEASE_v1_6_COREMODE_CORECSVFIX
UBC1284,hdbscan,3819,3819,0,19,21,0.9047619047619048,1.0,0.9500000000000001,0.09523809523809523,0.027038400003220886,center0,0.0,-1.188262380060638,HDBSCAN_SHARED_PREPROC_NOLEAK,50.0,21.0,PART5_SHARED_HDBSCAN_RELEASE_v1_6_COREMODE_CORECSVFIX
UBC1285,hdbscan,6432,6432,0,32,32,1.0,1.0,1.0,0.0,0.029502099998353515,center0,0.0,-1.2419410185647897,HDBSCAN_SHARED_PREPROC_NOLEAK,50.0,32.0,PART5_SHARED_HDBSCAN_RELEASE_v1_6_COREMODE_CORECSVFIX
UBC1286,hdbscan,5829,5829,0,29,29,1.0,1.0,1.0,0.0,0.027668100003211293,center0,0.0,-1.1789154167062594,HDBSCAN_SHARED_PREPROC_NOLEAK,50.0,29.0,PART5_SHARED_HDBSCAN_RELEASE_v1_6_COREMODE_CORECSVFIX
UBC1287,hdbscan,6231,6231,0,31,32,0.96875,1.0,0.9841269841269841,0.03125,0.028614499999093823,center0,0.0,-1.2133493858056994,HDBSCAN_SHARED_PREPROC_NOLEAK,50.0,32.0,PART5_SHARED_HDBSCAN_RELEASE_v1_6_COREMODE_CORECSVFIX
UBC1288,hdbscan,3010,3010,0,10,10,1.0,1.0,1.0,0.0,0.028351900000416208,center0,0.0,-1.128513629795913,HDBSCAN_SHARED_PREPROC_NOLEAK,50.0,10.0,PART5_SHARED_HDBSCAN_RELEASE_v1_6_COREMODE_CORECSVFIX
UBC1289,hdbscan,9246,9246,0,46,50,0.92,1.0,0.9583333333333334,0.07999999999999996,0.031897100001515355,center0,0.0,-1.3151855103335284,HDBSCAN_SHARED_PREPROC_NOLEAK,75.0,50.0,PART5_SHARED_HDBSCAN_RELEASE_v1_6_COREMODE_CORECSVFIX
UBC1290,hdbscan,11256,11256,0,56,56,1.0,1.0,1.0,0.0,0.03552789999957895,center0,0.0,-1.3439047623401148,HDBSCAN_SHARED_PREPROC_NOLEAK,84.0,56.0,PART5_SHARED_HDBSCAN_RELEASE_v1_6_COREMODE_CORECSVFIX
UBC1291,hdbscan,4623,4623,0,23,231,0.0,0.0,0.0,1.0,0.02933150000171736,center1_refined,20.0,-1.1959807321517806,HDBSCAN_SHARED_PREPROC_NOLEAK,231.0,387.0,PART5_SHARED_HDBSCAN_RELEASE_v1_6_COREMODE_CORECSVFIX
UBC1292,hdbscan,11455,11457,2,55,55,1.0,0.9649122807017544,0.9821428571428572,0.0,0.03415600000153063,center0,0.0,-1.2711191008477387,HDBSCAN_SHARED_PREPROC_NOLEAK,82.0,55.0,PART5_SHARED_HDBSCAN_RELEASE_v1_6_COREMODE_CORECSVFIX
UBC1293,hdbscan,4221,4221,0,21,21,1.0,1.0,1.0,0.0,0.029697400001168717,center0,0.0,-1.1269375688577976,HDBSCAN_SHARED_PREPROC_NOLEAK,50.0,21.0,PART5_SHARED_HDBSCAN_RELEASE_v1_6_COREMODE_CORECSVFIX
UBC1294,hdbscan,6834,6834,0,34,35,0.9714285714285714,1.0,0.9855072463768115,0.02857142857142858,0.030987999998615123,center0,0.0,-1.2178362885413423,HDBSCAN_SHARED_PREPROC_NOLEAK,52.0,35.0,PART5_SHARED_HDBSCAN_RELEASE_v1_6_COREMODE_CORECSVFIX
UBC1295,hdbscan,3618,3618,0,18,20,0.9,1.0,0.9473684210526316,0.09999999999999998,0.026222500004223548,center0,0.0,-1.1685346023161824,HDBSCAN_SHARED_PREPROC_NOLEAK,50.0,20.0,PART5_SHARED_HDBSCAN_RELEASE_v1_6_COREMODE_CORECSVFIX
UBC1296,hdbscan,12864,12864,0,64,64,1.0,1.0,1.0,0.0,0.03731010000046808,center0,0.0,-1.3766846333393086,HDBSCAN_SHARED_PREPROC_NOLEAK,96.0,64.0,PART5_SHARED_HDBSCAN_RELEASE_v1_6_COREMODE_CORECSVFIX
UBC1297,hdbscan,6632,6633,1,32,33,0.9696969696969697,0.9696969696969697,0.9696969696969697,0.030303030303030276,0.03268740000203252,center0,0.0,-1.1873360940325364,HDBSCAN_SHARED_PREPROC_NOLEAK,50.0,33.0,PART5_SHARED_HDBSCAN_RELEASE_v1_6_COREMODE_CORECSVFIX
UBC1298,hdbscan,6833,6834,1,33,33,1.0,0.9705882352941176,0.9850746268656716,0.0,0.030454699997790158,center0,0.0,-1.2050971452621637,HDBSCAN_SHARED_PREPROC_NOLEAK,50.0,33.0,PART5_SHARED_HDBSCAN_RELEASE_v1_6_COREMODE_CORECSVFIX
UBC1299,hdbscan,7035,7035,0,35,35,1.0,1.0,1.0,0.0,0.03980309999315068,center0,0.0,-1.2335901144434633,HDBSCAN_SHARED_PREPROC_NOLEAK,52.0,35.0,PART5_SHARED_HDBSCAN_RELEASE_v1_6_COREMODE_CORECSVFIX
UBC1300,hdbscan,3013,3013,0,13,13,1.0,1.0,1.0,0.0,0.0322706000006292,center0,0.0,-1.1404322012899517,HDBSCAN_SHARED_PREPROC_NOLEAK,50.0,13.0,PART5_SHARED_HDBSCAN_RELEASE_v1_6_COREMODE_CORECSVFIX
UBC1301,hdbscan,9648,9648,0,48,48,1.0,1.0,1.0,0.0,0.036095399998885114,center0,0.0,-1.3120923673925917,HDBSCAN_SHARED_PREPROC_NOLEAK,72.0,48.0,PART5_SHARED_HDBSCAN_RELEASE_v1_6_COREMODE_CORECSVFIX
UBC1302,hdbscan,3818,3819,1,18,18,1.0,0.9473684210526315,0.972972972972973,0.0,0.025708999994094484,center0,0.0,-1.140526245664543,HDBSCAN_SHARED_PREPROC_NOLEAK,50.0,18.0,PART5_SHARED_HDBSCAN_RELEASE_v1_6_COREMODE_CORECSVFIX
UBC1303,hdbscan,5829,5829,0,29,29,1.0,1.0,1.0,0.0,0.02737129999877652,center0,0.0,-1.2550915506816323,HDBSCAN_SHARED_PREPROC_NOLEAK,50.0,29.0,PART5_SHARED_HDBSCAN_RELEASE_v1_6_COREMODE_CORECSVFIX
UBC1304,hdbscan,8839,8841,2,42,79,0.5316455696202531,0.9545454545454546,0.6829268292682926,0.4683544303797469,0.030610499998147134,center0,0.0,-1.1786023929382383,HDBSCAN_SHARED_PREPROC_NOLEAK,118.0,79.0,PART5_SHARED_HDBSCAN_RELEASE_v1_6_COREMODE_CORECSVFIX
UBC1305,hdbscan,3819,3819,0,19,19,1.0,1.0,1.0,0.0,0.02636089999577962,center0,0.0,-1.2067450287088128,HDBSCAN_SHARED_PREPROC_NOLEAK,50.0,19.0,PART5_SHARED_HDBSCAN_RELEASE_v1_6_COREMODE_CORECSVFIX
UBC1306,hdbscan,14068,14069,1,69,71,0.971830985915493,0.9857142857142858,0.9787234042553192,0.028169014084507005,0.043970899998384994,center0,0.0,-1.3820790410592105,HDBSCAN_SHARED_PREPROC_NOLEAK,106.0,71.0,PART5_SHARED_HDBSCAN_RELEASE_v1_6_COREMODE_CORECSVFIX
UBC1307,hdbscan,11457,11457,0,57,57,1.0,1.0,1.0,0.0,0.03438769999775104,center0,0.0,-1.3537138442771588,HDBSCAN_SHARED_PREPROC_NOLEAK,85.0,57.0,PART5_SHARED_HDBSCAN_RELEASE_v1_6_COREMODE_CORECSVFIX
UBC1308,hdbscan,3618,3618,0,18,18,1.0,1.0,1.0,0.0,0.025256000000808854,center0,0.0,-1.1280753837587327,HDBSCAN_SHARED_PREPROC_NOLEAK,50.0,18.0,PART5_SHARED_HDBSCAN_RELEASE_v1_6_COREMODE_CORECSVFIX
UBC1309,hdbscan,20108,20109,1,108,108,1.0,0.9908256880733946,0.9953917050691244,0.0,0.04876679999870248,center0,0.0,-1.4173305122902262,HDBSCAN_SHARED_PREPROC_NOLEAK,162.0,108.0,PART5_SHARED_HDBSCAN_RELEASE_v1_6_COREMODE_CORECSVFIX
UBC1310,hdbscan,3818,3819,1,18,18,1.0,0.9473684210526315,0.972972972972973,0.0,0.025760800002899487,center0,0.0,-1.127929094733545,HDBSCAN_SHARED_PREPROC_NOLEAK,50.0,18.0,PART5_SHARED_HDBSCAN_RELEASE_v1_6_COREMODE_CORECSVFIX
UBC1311,hdbscan,5628,5628,0,28,28,1.0,1.0,1.0,0.0,0.02891559999989113,center0,0.0,-1.2240124019675633,HDBSCAN_SHARED_PREPROC_NOLEAK,50.0,28.0,PART5_SHARED_HDBSCAN_RELEASE_v1_6_COREMODE_CORECSVFIX
UBC1312,hdbscan,5226,5226,0,26,26,1.0,1.0,1.0,0.0,0.029905500006861985,center0,0.0,-1.2309385501182946,HDBSCAN_SHARED_PREPROC_NOLEAK,50.0,26.0,PART5_SHARED_HDBSCAN_RELEASE_v1_6_COREMODE_CORECSVFIX
UBC1313,hdbscan,7035,7035,0,35,35,1.0,1.0,1.0,0.0,0.030442200004472397,center0,0.0,-1.28433285364718,HDBSCAN_SHARED_PREPROC_NOLEAK,52.0,35.0,PART5_SHARED_HDBSCAN_RELEASE_v1_6_COREMODE_CORECSVFIX
UBC1314,hdbscan,13266,13266,0,66,66,1.0,1.0,1.0,0.0,0.04040280000481289,center0,0.0,-1.4129878549044088,HDBSCAN_SHARED_PREPROC_NOLEAK,99.0,66.0,PART5_SHARED_HDBSCAN_RELEASE_v1_6_COREMODE_CORECSVFIX
UBC1315,hdbscan,8442,8442,0,42,42,1.0,1.0,1.0,0.0,0.03364989999681711,center0,0.0,-1.2953318625824375,HDBSCAN_SHARED_PREPROC_NOLEAK,63.0,42.0,PART5_SHARED_HDBSCAN_RELEASE_v1_6_COREMODE_CORECSVFIX
UBC1316,hdbscan,5628,5628,0,28,28,1.0,1.0,1.0,0.0,0.027239400005782954,center0,0.0,-1.208220461744642,HDBSCAN_SHARED_PREPROC_NOLEAK,50.0,28.0,PART5_SHARED_HDBSCAN_RELEASE_v1_6_COREMODE_CORECSVFIX
UBC1317,hdbscan,6029,6030,1,29,29,1.0,0.9666666666666667,0.983050847457627,0.0,0.029175499999837484,center0,0.0,-1.1691008456546348,HDBSCAN_SHARED_PREPROC_NOLEAK,50.0,29.0,PART5_SHARED_HDBSCAN_RELEASE_v1_6_COREMODE_CORECSVFIX
UBC1318,hdbscan,8241,8241,0,41,41,1.0,1.0,1.0,0.0,0.03198080000584014,center0,0.0,-1.2758059412260438,HDBSCAN_SHARED_PREPROC_NOLEAK,61.0,41.0,PART5_SHARED_HDBSCAN_RELEASE_v1_6_COREMODE_CORECSVFIX
UBC1319,hdbscan,13266,13266,0,66,66,1.0,1.0,1.0,0.0,0.04138570000213804,center0,0.0,-1.3290640610482725,HDBSCAN_SHARED_PREPROC_NOLEAK,99.0,66.0,PART5_SHARED_HDBSCAN_RELEASE_v1_6_COREMODE_CORECSVFIX
UBC1320,hdbscan,3216,3216,0,16,16,1.0,1.0,1.0,0.0,0.026211999997030944,center0,0.0,-1.1250448727722422,HDBSCAN_SHARED_PREPROC_NOLEAK,50.0,16.0,PART5_SHARED_HDBSCAN_RELEASE_v1_6_COREMODE_CORECSVFIX
UBC1321,hdbscan,3010,3010,0,10,10,1.0,1.0,1.0,0.0,0.025627400005760137,center0,0.0,-1.0973573174315698,HDBSCAN_SHARED_PREPROC_NOLEAK,50.0,10.0,PART5_SHARED_HDBSCAN_RELEASE_v1_6_COREMODE_CORECSVFIX
UBC1322,hdbscan,4623,4623,0,23,231,0.0,0.0,0.0,1.0,0.02733319999970263,center1_refined,20.0,-1.1723562568264134,HDBSCAN_SHARED_PREPROC_NOLEAK,231.0,393.0,PART5_SHARED_HDBSCAN_RELEASE_v1_6_COREMODE_CORECSVFIX
UBC1323,hdbscan,5829,5829,0,29,29,1.0,1.0,1.0,0.0,0.027034699996875133,center0,0.0,-1.2543121307752554,HDBSCAN_SHARED_PREPROC_NOLEAK,50.0,29.0,PART5_SHARED_HDBSCAN_RELEASE_v1_6_COREMODE_CORECSVFIX
UBC1324,hdbscan,8844,8844,0,44,44,1.0,1.0,1.0,0.0,0.03599689999828115,center0,0.0,-1.333764351667666,HDBSCAN_SHARED_PREPROC_NOLEAK,66.0,44.0,PART5_SHARED_HDBSCAN_RELEASE_v1_6_COREMODE_CORECSVFIX
UBC1325,hdbscan,4422,4422,0,22,23,0.9565217391304348,1.0,0.9777777777777777,0.04347826086956519,0.027551200000743847,center0,0.0,-1.1359845021398993,HDBSCAN_SHARED_PREPROC_NOLEAK,50.0,23.0,PART5_SHARED_HDBSCAN_RELEASE_v1_6_COREMODE_CORECSVFIX
UBC1326,hdbscan,4824,4824,0,24,24,1.0,1.0,1.0,0.0,0.03174679999938235,center0,0.0,-1.1641155309048892,HDBSCAN_SHARED_PREPROC_NOLEAK,50.0,24.0,PART5_SHARED_HDBSCAN_RELEASE_v1_6_COREMODE_CORECSVFIX
UBC1327,hdbscan,6229,6231,2,29,29,1.0,0.9354838709677419,0.9666666666666666,0.0,0.03385539999726461,center0,0.0,-1.2020592778450103,HDBSCAN_SHARED_PREPROC_NOLEAK,50.0,29.0,PART5_SHARED_HDBSCAN_RELEASE_v1_6_COREMODE_CORECSVFIX
UBC1328,hdbscan,3015,3015,0,15,15,1.0,1.0,1.0,0.0,0.02571679999527987,center0,0.0,-1.1599042693659984,HDBSCAN_SHARED_PREPROC_NOLEAK,50.0,15.0,PART5_SHARED_HDBSCAN_RELEASE_v1_6_COREMODE_CORECSVFIX
UBC1329,hdbscan,4422,4422,0,22,22,1.0,1.0,1.0,0.0,0.02927590000035707,center0,0.0,-1.183511026252273,HDBSCAN_SHARED_PREPROC_NOLEAK,50.0,22.0,PART5_SHARED_HDBSCAN_RELEASE_v1_6_COREMODE_CORECSVFIX
UBC1330,hdbscan,11456,11457,1,56,57,0.9824561403508771,0.9824561403508771,0.9824561403508771,0.01754385964912286,0.037921600000117905,center0,0.0,-1.3363157226687643,HDBSCAN_SHARED_PREPROC_NOLEAK,85.0,57.0,PART5_SHARED_HDBSCAN_RELEASE_v1_6_COREMODE_CORECSVFIX
UBC1331,hdbscan,7637,7638,1,37,37,1.0,0.9736842105263158,0.9866666666666666,0.0,0.02928260000044247,center0,0.0,-1.2306743441248411,HDBSCAN_SHARED_PREPROC_NOLEAK,55.0,37.0,PART5_SHARED_HDBSCAN_RELEASE_v1_6_COREMODE_CORECSVFIX
UBC1332,hdbscan,6030,6030,0,30,30,1.0,1.0,1.0,0.0,0.028458699998736847,center0,0.0,-1.2399530978956375,HDBSCAN_SHARED_PREPROC_NOLEAK,50.0,30.0,PART5_SHARED_HDBSCAN_RELEASE_v1_6_COREMODE_CORECSVFIX
UBC1333,hdbscan,5427,5427,0,27,27,1.0,1.0,1.0,0.0,0.02811410000140313,center0,0.0,-1.1990377116955373,HDBSCAN_SHARED_PREPROC_NOLEAK,50.0,27.0,PART5_SHARED_HDBSCAN_RELEASE_v1_6_COREMODE_CORECSVFIX
UBC1334,hdbscan,4422,4422,0,22,22,1.0,1.0,1.0,0.0,0.02912790000118548,center0,0.0,-1.1480875244103035,HDBSCAN_SHARED_PREPROC_NOLEAK,50.0,22.0,PART5_SHARED_HDBSCAN_RELEASE_v1_6_COREMODE_CORECSVFIX
UBC1335,hdbscan,4422,4422,0,22,22,1.0,1.0,1.0,0.0,0.029604199997265823,center0,0.0,-1.2003385633409438,HDBSCAN_SHARED_PREPROC_NOLEAK,50.0,22.0,PART5_SHARED_HDBSCAN_RELEASE_v1_6_COREMODE_CORECSVFIX
UBC1336,hdbscan,5829,5829,0,29,291,0.0,0.0,0.0,1.0,0.029583600000478327,center1_refined,20.0,-1.249474283777773,HDBSCAN_SHARED_PREPROC_NOLEAK,291.0,371.0,PART5_SHARED_HDBSCAN_RELEASE_v1_6_COREMODE_CORECSVFIX
UBC1337,hdbscan,8241,8241,0,41,41,1.0,1.0,1.0,0.0,0.03127660000609467,center0,0.0,-1.2439111055678893,HDBSCAN_SHARED_PREPROC_NOLEAK,61.0,41.0,PART5_SHARED_HDBSCAN_RELEASE_v1_6_COREMODE_CORECSVFIX
UBC1338,hdbscan,13668,13668,0,68,68,1.0,1.0,1.0,0.0,0.03913299999840092,center0,0.0,-1.32539990165661,HDBSCAN_SHARED_PREPROC_NOLEAK,102.0,68.0,PART5_SHARED_HDBSCAN_RELEASE_v1_6_COREMODE_CORECSVFIX
UBC1339,hdbscan,20101,20101,0,102,292,0.3424657534246575,0.9803921568627451,0.5076142131979696,0.6575342465753424,0.04538699999829987,center1_refined,16.976484060287476,-1.5407487462161145,HDBSCAN_SHARED_PREPROC_NOLEAK,438.0,292.0,PART5_SHARED_HDBSCAN_RELEASE_v1_6_COREMODE_CORECSVFIX
UBC1340,hdbscan,3011,3011,0,11,11,1.0,1.0,1.0,0.0,0.02762839999923017,center0,0.0,-1.1242041770432976,HDBSCAN_SHARED_PREPROC_NOLEAK,50.0,11.0,PART5_SHARED_HDBSCAN_RELEASE_v1_6_COREMODE_CORECSVFIX
UBC1341,hdbscan,5427,5427,0,27,27,1.0,1.0,1.0,0.0,0.02810670000326354,center0,0.0,-1.190990942739162,HDBSCAN_SHARED_PREPROC_NOLEAK,50.0,27.0,PART5_SHARED_HDBSCAN_RELEASE_v1_6_COREMODE_CORECSVFIX
UBC1342,hdbscan,3013,3013,0,13,13,1.0,1.0,1.0,0.0,0.025546600001689512,center0,0.0,-1.1214004410730947,HDBSCAN_SHARED_PREPROC_NOLEAK,50.0,13.0,PART5_SHARED_HDBSCAN_RELEASE_v1_6_COREMODE_CORECSVFIX
UBC1343,hdbscan,5025,5025,0,25,25,1.0,1.0,1.0,0.0,0.029632300000230316,center0,0.0,-1.1864692813994662,HDBSCAN_SHARED_PREPROC_NOLEAK,50.0,25.0,PART5_SHARED_HDBSCAN_RELEASE_v1_6_COREMODE_CORECSVFIX
UBC1344,hdbscan,8442,8442,0,42,42,1.0,1.0,1.0,0.0,0.03183839999837801,center0,0.0,-1.242128395170008,HDBSCAN_SHARED_PREPROC_NOLEAK,63.0,42.0,PART5_SHARED_HDBSCAN_RELEASE_v1_6_COREMODE_CORECSVFIX
UBC1345,hdbscan,5025,5025,0,25,25,1.0,1.0,1.0,0.0,0.028169099998194724,center0,0.0,-1.2306145911535926,HDBSCAN_SHARED_PREPROC_NOLEAK,50.0,25.0,PART5_SHARED_HDBSCAN_RELEASE_v1_6_COREMODE_CORECSVFIX
UBC1346,hdbscan,4422,4422,0,22,22,1.0,1.0,1.0,0.0,0.027813100001367275,center0,0.0,-1.150463382222146,HDBSCAN_SHARED_PREPROC_NOLEAK,50.0,22.0,PART5_SHARED_HDBSCAN_RELEASE_v1_6_COREMODE_CORECSVFIX
UBC1347,hdbscan,5226,5226,0,26,26,1.0,1.0,1.0,0.0,0.027291299993521534,center0,0.0,-1.2029654384604545,HDBSCAN_SHARED_PREPROC_NOLEAK,50.0,26.0,PART5_SHARED_HDBSCAN_RELEASE_v1_6_COREMODE_CORECSVFIX
UBC1348,hdbscan,3014,3014,0,14,14,1.0,1.0,1.0,0.0,0.02663679999386659,center0,0.0,-1.1305359490693299,HDBSCAN_SHARED_PREPROC_NOLEAK,50.0,14.0,PART5_SHARED_HDBSCAN_RELEASE_v1_6_COREMODE_CORECSVFIX
UBC1349,hdbscan,4422,4422,0,22,22,1.0,1.0,1.0,0.0,0.0298904000010225,center0,0.0,-1.196013375873376,HDBSCAN_SHARED_PREPROC_NOLEAK,50.0,22.0,PART5_SHARED_HDBSCAN_RELEASE_v1_6_COREMODE_CORECSVFIX
UBC1350,hdbscan,6030,6030,0,30,301,0.0,0.0,0.0,1.0,0.030454300002020318,center1_refined,20.0,-1.2347882033366508,HDBSCAN_SHARED_PREPROC_NOLEAK,301.0,387.0,PART5_SHARED_HDBSCAN_RELEASE_v1_6_COREMODE_CORECSVFIX
UBC1351,hdbscan,8040,8040,0,40,40,1.0,1.0,1.0,0.0,0.030527599999913946,center0,0.0,-1.2498550257003336,HDBSCAN_SHARED_PREPROC_NOLEAK,60.0,40.0,PART5_SHARED_HDBSCAN_RELEASE_v1_6_COREMODE_CORECSVFIX
UBC1352,hdbscan,6834,6834,0,34,34,1.0,1.0,1.0,0.0,0.027810200001113117,center0,0.0,-1.3022732380762991,HDBSCAN_SHARED_PREPROC_NOLEAK,51.0,34.0,PART5_SHARED_HDBSCAN_RELEASE_v1_6_COREMODE_CORECSVFIX
UBC1353,hdbscan,7437,7437,0,37,37,1.0,1.0,1.0,0.0,0.031213099995511584,center0,0.0,-1.2968194441004761,HDBSCAN_SHARED_PREPROC_NOLEAK,55.0,37.0,PART5_SHARED_HDBSCAN_RELEASE_v1_6_COREMODE_CORECSVFIX
UBC1354,hdbscan,8442,8442,0,42,42,1.0,1.0,1.0,0.0,0.03904350000084378,center0,0.0,-1.3332934074353273,HDBSCAN_SHARED_PREPROC_NOLEAK,63.0,42.0,PART5_SHARED_HDBSCAN_RELEASE_v1_6_COREMODE_CORECSVFIX
UBC1355,hdbscan,4824,4824,0,24,24,1.0,1.0,1.0,0.0,0.0296096000020043,center0,0.0,-1.1971757623333636,HDBSCAN_SHARED_PREPROC_NOLEAK,50.0,24.0,PART5_SHARED_HDBSCAN_RELEASE_v1_6_COREMODE_CORECSVFIX
UBC1356,hdbscan,5226,5226,0,26,26,1.0,1.0,1.0,0.0,0.028396900001098402,center0,0.0,-1.238446058897408,HDBSCAN_SHARED_PREPROC_NOLEAK,50.0,26.0,PART5_SHARED_HDBSCAN_RELEASE_v1_6_COREMODE_CORECSVFIX
UBC1357,hdbscan,8241,8241,0,41,41,1.0,1.0,1.0,0.0,0.03192059999855701,center0,0.0,-1.303179260396981,HDBSCAN_SHARED_PREPROC_NOLEAK,61.0,41.0,PART5_SHARED_HDBSCAN_RELEASE_v1_6_COREMODE_CORECSVFIX
UBC1358,hdbscan,10854,10854,0,54,54,1.0,1.0,1.0,0.0,0.03567260000272654,center0,0.0,-1.3203953549001821,HDBSCAN_SHARED_PREPROC_NOLEAK,81.0,54.0,PART5_SHARED_HDBSCAN_RELEASE_v1_6_COREMODE_CORECSVFIX
UBC1359,hdbscan,3819,3819,0,19,19,1.0,1.0,1.0,0.0,0.02761070000269683,center0,0.0,-1.2168446780913378,HDBSCAN_SHARED_PREPROC_NOLEAK,50.0,19.0,PART5_SHARED_HDBSCAN_RELEASE_v1_6_COREMODE_CORECSVFIX
